Ids,Sentiment,Sarcasm,Vulgar,Abuse,Target
Hindi_image_1817.jpg,Neutral,Sarcastic,Vulgar,Abusive,Gender
Hindi_image_7.jpg,Negative,Non-Sarcastic,Vulgar,Abusive,Gender
Hindi_image_1.jpg,Positive,Sarcastic,Non Vulgar,Abusive,Gender
Hindi_image_32.jpg,Negative,Sarcastic,Vulgar,Abusive,Gender
Hindi_image_1714.jpg,Negative,Sarcastic,Non Vulgar,Abusive,Gender
Hindi_image_295.jpg,Positive,Sarcastic,Vulgar,Abusive,Gender
Hindi_image_34.jpg,Negative,Non-Sarcastic,Vulgar,Abusive,Gender
Hindi_image_21.jpg,Negative,Sarcastic,Vulgar,Abusive,Gender
Hindi_image_1910.jpg,Positive,Sarcastic,Vulgar,Abusive,Gender
Hindi_image_119.jpg,Negative,Sarcastic,Vulgar,Abusive,Gender
Hindi_image_677.jpg,Negative,Non-Sarcastic,Vulgar,Abusive,Gender
Hindi_image_118.jpg,Neutral,Non-Sarcastic,Vulgar,Abusive,Gender
Hindi_image_9.jpg,Positive,Non-Sarcastic,Vulgar,Abusive,Gender
Hindi_image_100.jpg,Neutral,Sarcastic,Vulgar,Abusive,Gender
Hindi_image_261.jpg,Negative,Sarcastic,Vulgar,Abusive,Gender
Hindi_image_8.jpg,Negative,Non-Sarcastic,Vulgar,Abusive,Gender
Hindi_image_838.jpg,Negative,Non-Sarcastic,Non Vulgar,Abusive,Gender
Hindi_image_141.jpg,Neutral,Sarcastic,Non Vulgar,Abusive,Gender
Hindi_image_29.jpg,Negative,Sarcastic,Vulgar,Abusive,Gender
Hindi_image_163.jpg,Negative,Non-Sarcastic,Vulgar,Abusive,Gender
Hindi_image_1379.jpg,Negative,Non-Sarcastic,Non Vulgar,Abusive,Gender
Hindi_image_549.jpg,Negative,Sarcastic,Vulgar,Abusive,Gender
Hindi_image_138.jpg,Positive,Non-Sarcastic,Vulgar,Abusive,Gender
Hindi_image_2271.jpg,Negative,Sarcastic,Non Vulgar,Abusive,Gender
Hindi_image_123.jpg,Negative,Sarcastic,Non Vulgar,Abusive,Gender
Hindi_image_26.jpg,Negative,Sarcastic,Vulgar,Abusive,Gender
Hindi_image_1781.jpg,Negative,Sarcastic,Vulgar,Abusive,Gender
Hindi_image_39.jpg,Negative,Sarcastic,Vulgar,Abusive,Gender
Hindi_image_2297.jpg,Negative,Sarcastic,Non Vulgar,Abusive,Gender
Hindi_image_28.jpg,Negative,Sarcastic,Vulgar,Abusive,Gender
Hindi_image_2366.jpg,Positive,Sarcastic,Non Vulgar,Abusive,Gender
Hindi_image_157.jpg,Neutral,Non-Sarcastic,Vulgar,Abusive,Gender
Hindi_image_177.jpg,Neutral,Non-Sarcastic,Vulgar,Abusive,Gender
Hindi_image_2127.jpg,Positive,Sarcastic,Vulgar,Abusive,Gender
Hindi_image_456.jpg,Negative,Non-Sarcastic,Vulgar,Abusive,Gender
Hindi_image_5.jpg,Positive,Sarcastic,Vulgar,Abusive,Gender
Hindi_image_30.jpg,Negative,Sarcastic,Vulgar,Abusive,Gender
Hindi_image_120.jpg,Neutral,Sarcastic,Vulgar,Abusive,Gender
Hindi_image_868.jpg,Negative,Non-Sarcastic,Vulgar,Abusive,Individual
Hindi_image_450.jpg,Negative,Sarcastic,Vulgar,Abusive,Individual
Hindi_image_2312.jpg,Negative,Non-Sarcastic,Non Vulgar,Abusive,Individual
Hindi_image_1751.jpg,Negative,Sarcastic,Non Vulgar,Abusive,Individual
Hindi_image_1622.jpg,Negative,Sarcastic,Non Vulgar,Abusive,Individual
Hindi_image_1123.jpg,Negative,Non-Sarcastic,Vulgar,Abusive,Individual
Hindi_image_1088.jpg,Negative,Sarcastic,Non Vulgar,Abusive,Individual
Hindi_image_2293.jpg,Neutral,Sarcastic,Non Vulgar,Abusive,Individual
Hindi_image_1149.jpg,Negative,Sarcastic,Non Vulgar,Abusive,Individual
Hindi_image_1362.jpg,Negative,Sarcastic,Vulgar,Abusive,Individual
Hindi_image_2314.jpg,Negative,Non-Sarcastic,Non Vulgar,Abusive,Individual
Hindi_image_1138.jpg,Negative,Non-Sarcastic,Non Vulgar,Abusive,Individual
Hindi_image_15.jpg,Negative,Non-Sarcastic,Vulgar,Abusive,Individual
Hindi_image_2007.jpg,Negative,Sarcastic,Non Vulgar,Abusive,Individual
Hindi_image_942.jpg,Negative,Non-Sarcastic,Non Vulgar,Abusive,Individual
Hindi_image_1913.jpg,Negative,Sarcastic,Vulgar,Abusive,Individual
Hindi_image_1791.jpg,Neutral,Non-Sarcastic,Non Vulgar,Abusive,Individual
Hindi_image_2306.jpg,Negative,Non-Sarcastic,Non Vulgar,Abusive,Individual
Hindi_image_2355.jpg,Negative,Sarcastic,Non Vulgar,Abusive,Individual
Hindi_image_1941.jpg,Negative,Sarcastic,Non Vulgar,Abusive,Individual
Hindi_image_930.jpg,Negative,Non-Sarcastic,Vulgar,Abusive,Individual
Hindi_image_1323.jpg,Negative,Non-Sarcastic,Non Vulgar,Abusive,Individual
Hindi_image_1348.jpg,Negative,Non-Sarcastic,Vulgar,Abusive,Individual
Hindi_image_516.jpg,Negative,Sarcastic,Non Vulgar,Abusive,Individual
Hindi_image_2358.jpg,Negative,Sarcastic,Non Vulgar,Abusive,Individual
Hindi_image_264.jpg,Negative,Sarcastic,Vulgar,Abusive,Individual
Hindi_image_771.jpg,Negative,Non-Sarcastic,Vulgar,Abusive,Individual
Hindi_image_1784.jpg,Negative,Sarcastic,Non Vulgar,Abusive,Individual
Hindi_image_2338.jpg,Negative,Sarcastic,Non Vulgar,Abusive,Individual
Hindi_image_2349.jpg,Neutral,Sarcastic,Non Vulgar,Abusive,Individual
Hindi_image_911.jpg,Negative,Non-Sarcastic,Non Vulgar,Abusive,Individual
Hindi_image_2340.jpg,Negative,Sarcastic,Non Vulgar,Abusive,Individual
Hindi_image_1187.jpg,Negative,Sarcastic,Non Vulgar,Abusive,Individual
Hindi_image_958.jpg,Negative,Non-Sarcastic,Non Vulgar,Abusive,Individual
Hindi_image_2207.jpg,Negative,Sarcastic,Non Vulgar,Abusive,Individual
Hindi_image_1173.jpg,Negative,Non-Sarcastic,Vulgar,Abusive,Individual
Hindi_image_1576.jpg,Negative,Sarcastic,Vulgar,Abusive,Individual
Hindi_image_1519.jpg,Negative,Non-Sarcastic,Vulgar,Abusive,Individual
Hindi_image_2377.jpg,Negative,Sarcastic,Non Vulgar,Abusive,Individual
Hindi_image_1452.jpg,Neutral,Sarcastic,Non Vulgar,Abusive,Individual
Hindi_image_1369.jpg,Negative,Non-Sarcastic,Vulgar,Abusive,Individual
Hindi_image_1380.jpg,Negative,Non-Sarcastic,Non Vulgar,Abusive,Individual
Hindi_image_2346.jpg,Negative,Sarcastic,Non Vulgar,Abusive,Individual
Hindi_image_132.jpg,Positive,Non-Sarcastic,Vulgar,Abusive,Individual
Hindi_image_1111.jpg,Negative,Sarcastic,Non Vulgar,Abusive,Individual
Hindi_image_2330.jpg,Negative,Non-Sarcastic,Non Vulgar,Abusive,Individual
Hindi_image_1272.jpg,Negative,Sarcastic,Non Vulgar,Abusive,Individual
Hindi_image_2014.jpg,Negative,Sarcastic,Non Vulgar,Abusive,Individual
Hindi_image_1971.jpg,Negative,Sarcastic,Non Vulgar,Abusive,Individual
Hindi_image_1178.jpg,Negative,Non-Sarcastic,Non Vulgar,Abusive,Individual
Hindi_image_1145.jpg,Negative,Non-Sarcastic,Non Vulgar,Abusive,Individual
Hindi_image_1141.jpg,Negative,Non-Sarcastic,Non Vulgar,Abusive,Individual
Hindi_image_1264.jpg,Negative,Non-Sarcastic,Non Vulgar,Abusive,Individual
Hindi_image_1607.jpg,Negative,Sarcastic,Vulgar,Abusive,Individual
Hindi_image_2292.jpg,Negative,Non-Sarcastic,Non Vulgar,Abusive,Individual
Hindi_image_1303.jpg,Negative,Non-Sarcastic,Non Vulgar,Abusive,Individual
Hindi_image_1386.jpg,Negative,Sarcastic,Non Vulgar,Abusive,Individual
Hindi_image_1213.jpg,Negative,Sarcastic,Non Vulgar,Abusive,Individual
Hindi_image_1090.jpg,Negative,Sarcastic,Vulgar,Abusive,Individual
Hindi_image_226.jpg,Negative,Sarcastic,Non Vulgar,Abusive,Individual
Hindi_image_2336.jpg,Negative,Sarcastic,Non Vulgar,Abusive,Individual
Hindi_image_952.jpg,Negative,Non-Sarcastic,Non Vulgar,Abusive,Individual
Hindi_image_1332.jpg,Negative,Sarcastic,Vulgar,Abusive,Individual
Hindi_image_2359.jpg,Negative,Sarcastic,Non Vulgar,Abusive,Individual
Hindi_image_1359.jpg,Negative,Non-Sarcastic,Non Vulgar,Abusive,Individual
Hindi_image_907.jpg,Negative,Non-Sarcastic,Non Vulgar,Abusive,Individual
Hindi_image_854.jpg,Negative,Non-Sarcastic,Non Vulgar,Abusive,Individual
Hindi_image_2043.jpg,Negative,Non-Sarcastic,Non Vulgar,Abusive,Individual
Hindi_image_2289.jpg,Negative,Sarcastic,Non Vulgar,Abusive,Individual
Hindi_image_1495.jpg,Negative,Non-Sarcastic,Vulgar,Abusive,Individual
Hindi_image_2304.jpg,Negative,Non-Sarcastic,Non Vulgar,Abusive,Individual
Hindi_image_1490.jpg,Negative,Non-Sarcastic,Non Vulgar,Abusive,Individual
Hindi_image_813.jpg,Negative,Non-Sarcastic,Non Vulgar,Abusive,Individual
Hindi_image_1370.jpg,Negative,Non-Sarcastic,Non Vulgar,Abusive,Individual
Hindi_image_1188.jpg,Negative,Non-Sarcastic,Non Vulgar,Abusive,Individual
Hindi_image_221.jpg,Neutral,Sarcastic,Vulgar,Abusive,Individual
Hindi_image_2368.jpg,Negative,Sarcastic,Non Vulgar,Abusive,Individual
Hindi_image_935.jpg,Negative,Sarcastic,Vulgar,Abusive,Individual
Hindi_image_786.jpg,Negative,Sarcastic,Vulgar,Abusive,Individual
Hindi_image_1148.jpg,Negative,Non-Sarcastic,Non Vulgar,Abusive,Individual
Hindi_image_212.jpg,Negative,Sarcastic,Vulgar,Abusive,Individual
Hindi_image_2342.jpg,Neutral,Non-Sarcastic,Vulgar,Abusive,Individual
Hindi_image_850.jpg,Negative,Non-Sarcastic,Non Vulgar,Abusive,Individual
Hindi_image_1249.jpg,Negative,Non-Sarcastic,Vulgar,Abusive,Individual
Hindi_image_2323.jpg,Negative,Non-Sarcastic,Non Vulgar,Abusive,Individual
Hindi_image_2299.jpg,Negative,Non-Sarcastic,Vulgar,Abusive,Individual
Hindi_image_1520.jpg,Negative,Sarcastic,Vulgar,Abusive,Individual
Hindi_image_1292.jpg,Negative,Non-Sarcastic,Non Vulgar,Abusive,Individual
Hindi_image_1183.jpg,Positive,Non-Sarcastic,Non Vulgar,Abusive,Individual
Hindi_image_1205.jpg,Negative,Sarcastic,Vulgar,Abusive,Individual
Hindi_image_1384.jpg,Negative,Non-Sarcastic,Non Vulgar,Abusive,Individual
Hindi_image_2313.jpg,Negative,Non-Sarcastic,Non Vulgar,Abusive,Individual
Hindi_image_1147.jpg,Negative,Sarcastic,Non Vulgar,Abusive,Individual
Hindi_image_1025.jpg,Negative,Sarcastic,Non Vulgar,Abusive,Individual
Hindi_image_2302.jpg,Negative,Non-Sarcastic,Non Vulgar,Abusive,Individual
Hindi_image_1416.jpg,Neutral,Non-Sarcastic,Non Vulgar,Abusive,Individual
Hindi_image_2318.jpg,Negative,Non-Sarcastic,Non Vulgar,Abusive,Individual
Hindi_image_1045.jpg,Negative,Non-Sarcastic,Non Vulgar,Abusive,Individual
Hindi_image_247.jpg,Negative,Sarcastic,Vulgar,Abusive,Individual
Hindi_image_830.jpg,Negative,Non-Sarcastic,Vulgar,Abusive,Individual
Hindi_image_970.jpg,Negative,Non-Sarcastic,Non Vulgar,Abusive,Individual
Hindi_image_1942.jpg,Negative,Sarcastic,Non Vulgar,Abusive,Individual
Hindi_image_1570.jpg,Negative,Sarcastic,Vulgar,Abusive,Individual
Hindi_image_2319.jpg,Negative,Non-Sarcastic,Non Vulgar,Abusive,Individual
Hindi_image_1107.jpg,Negative,Sarcastic,Non Vulgar,Abusive,Individual
Hindi_image_866.jpg,Negative,Non-Sarcastic,Non Vulgar,Abusive,Individual
Hindi_image_1676.jpg,Negative,Sarcastic,Non Vulgar,Abusive,Individual
Hindi_image_1278.jpg,Negative,Sarcastic,Non Vulgar,Abusive,Individual
Hindi_image_2288.jpg,Negative,Sarcastic,Non Vulgar,Abusive,Individual
Hindi_image_1207.jpg,Negative,Non-Sarcastic,Non Vulgar,Abusive,Individual
Hindi_image_2394.jpg,Positive,Sarcastic,Non Vulgar,Abusive,Individual
Hindi_image_646.jpg,Neutral,Sarcastic,Non Vulgar,Abusive,Individual
Hindi_image_2329.jpg,Negative,Non-Sarcastic,Non Vulgar,Abusive,Individual
Hindi_image_1271.jpg,Negative,Sarcastic,Vulgar,Abusive,Individual
Hindi_image_1723.jpg,Negative,Sarcastic,Vulgar,Abusive,Individual
Hindi_image_1215.jpg,Negative,Non-Sarcastic,Non Vulgar,Abusive,Individual
Hindi_image_1373.jpg,Negative,Non-Sarcastic,Non Vulgar,Abusive,Individual
Hindi_image_2128.jpg,Positive,Sarcastic,Non Vulgar,Abusive,Individual
Hindi_image_1344.jpg,Negative,Non-Sarcastic,Non Vulgar,Abusive,Individual
Hindi_image_1276.jpg,Negative,Non-Sarcastic,Non Vulgar,Abusive,Individual
Hindi_image_2294.jpg,Neutral,Sarcastic,Non Vulgar,Abusive,Individual
Hindi_image_1629.jpg,Negative,Sarcastic,Vulgar,Abusive,Individual
Hindi_image_2392.jpg,Positive,Sarcastic,Non Vulgar,Abusive,Individual
Hindi_image_1503.jpg,Negative,Non-Sarcastic,Vulgar,Abusive,Individual
Hindi_image_1387.jpg,Negative,Sarcastic,Non Vulgar,Abusive,Individual
Hindi_image_1354.jpg,Negative,Sarcastic,Non Vulgar,Abusive,Individual
Hindi_image_406.jpg,Negative,Sarcastic,Vulgar,Abusive,Individual
Hindi_image_1582.jpg,Negative,Sarcastic,Vulgar,Abusive,Individual
Hindi_image_1733.jpg,Negative,Sarcastic,Vulgar,Abusive,Individual
Hindi_image_1621.jpg,Negative,Sarcastic,Non Vulgar,Abusive,Individual
Hindi_image_1335.jpg,Negative,Non-Sarcastic,Non Vulgar,Abusive,Individual
Hindi_image_236.jpg,Negative,Non-Sarcastic,Non Vulgar,Abusive,Individual
Hindi_image_1611.jpg,Negative,Sarcastic,Vulgar,Abusive,Individual
Hindi_image_1024.jpg,Negative,Non-Sarcastic,Non Vulgar,Abusive,Individual
Hindi_image_2291.jpg,Negative,Sarcastic,Vulgar,Abusive,Individual
Hindi_image_2384.jpg,Negative,Sarcastic,Non Vulgar,Abusive,Individual
Hindi_image_1750.jpg,Negative,Sarcastic,Non Vulgar,Abusive,Individual
Hindi_image_2077.jpg,Negative,Sarcastic,Vulgar,Abusive,Individual
Hindi_image_1352.jpg,Negative,Non-Sarcastic,Vulgar,Abusive,Individual
Hindi_image_250.jpg,Negative,Sarcastic,Vulgar,Abusive,Individual
Hindi_image_1270.jpg,Negative,Sarcastic,Vulgar,Abusive,Individual
Hindi_image_1182.jpg,Negative,Sarcastic,Non Vulgar,Abusive,Individual
Hindi_image_1860.jpg,Negative,Non-Sarcastic,Vulgar,Abusive,National Origin
Hindi_image_430.jpg,Negative,Non-Sarcastic,Vulgar,Abusive,National Origin
Hindi_image_2396.jpg,Negative,Non-Sarcastic,Vulgar,Abusive,National Origin
Hindi_image_1007.jpg,Negative,Non-Sarcastic,Non Vulgar,Abusive,National Origin
Hindi_image_2397.jpg,Negative,Non-Sarcastic,Non Vulgar,Abusive,National Origin
Hindi_image_1086.jpg,Negative,Non-Sarcastic,Vulgar,Abusive,National Origin
Hindi_image_225.jpg,Negative,Non-Sarcastic,Vulgar,Abusive,
Hindi_image_1003.jpg,Negative,Sarcastic,Non Vulgar,Abusive,
Hindi_image_2260.jpg,Positive,Sarcastic,Non Vulgar,Abusive,
Hindi_image_1192.jpg,Negative,Non-Sarcastic,Non Vulgar,Abusive,
Hindi_image_1758.jpg,Neutral,Non-Sarcastic,Vulgar,Abusive,
Hindi_image_871.jpg,Negative,Non-Sarcastic,Non Vulgar,Abusive,
Hindi_image_1589.jpg,Negative,Sarcastic,Vulgar,Abusive,
Hindi_image_2351.jpg,Negative,Sarcastic,Non Vulgar,Abusive,
Hindi_image_2050.jpg,Neutral,Sarcastic,Non Vulgar,Abusive,
Hindi_image_2374.jpg,Negative,Sarcastic,Non Vulgar,Abusive,
Hindi_image_2357.jpg,Neutral,Sarcastic,Vulgar,Abusive,
Hindi_image_2376.jpg,Positive,Sarcastic,Non Vulgar,Abusive,
Hindi_image_1058.jpg,Negative,Sarcastic,Non Vulgar,Abusive,
Hindi_image_2100.jpg,Negative,Sarcastic,Vulgar,Abusive,
Hindi_image_937.jpg,Negative,Non-Sarcastic,Non Vulgar,Abusive,
Hindi_image_2348.jpg,Negative,Non-Sarcastic,Non Vulgar,Abusive,
Hindi_image_918.jpg,Neutral,Non-Sarcastic,Non Vulgar,Abusive,
Hindi_image_2354.jpg,Negative,Sarcastic,Non Vulgar,Abusive,
Hindi_image_1018.jpg,Negative,Sarcastic,Non Vulgar,Abusive,
Hindi_image_1613.jpg,Negative,Sarcastic,Non Vulgar,Abusive,
Hindi_image_2344.jpg,Negative,Sarcastic,Non Vulgar,Abusive,
Hindi_image_1780.jpg,Negative,Sarcastic,Non Vulgar,Abusive,
Hindi_image_60.jpg,Positive,Sarcastic,Vulgar,Abusive,
Hindi_image_2345.jpg,Positive,Non-Sarcastic,Non Vulgar,Abusive,
Hindi_image_1956.jpg,Negative,Sarcastic,Vulgar,Abusive,
Hindi_image_231.jpg,Negative,Non-Sarcastic,Vulgar,Abusive,
Hindi_image_1760.jpg,Neutral,Sarcastic,Non Vulgar,Abusive,
Hindi_image_1564.jpg,Negative,Sarcastic,Non Vulgar,Abusive,
Hindi_image_1015.jpg,Negative,Sarcastic,Non Vulgar,Abusive,
Hindi_image_2347.jpg,Negative,Sarcastic,Non Vulgar,Abusive,
Hindi_image_387.jpg,Negative,Non-Sarcastic,Vulgar,Abusive,
Hindi_image_2350.jpg,Negative,Sarcastic,Non Vulgar,Abusive,
Hindi_image_884.jpg,Negative,Sarcastic,Non Vulgar,Abusive,
Hindi_image_910.jpg,Negative,Non-Sarcastic,Non Vulgar,Abusive,
Hindi_image_243.jpg,Negative,Non-Sarcastic,Vulgar,Abusive,
Hindi_image_1131.jpg,Negative,Non-Sarcastic,Non Vulgar,Abusive,
Hindi_image_2114.jpg,Negative,Sarcastic,Non Vulgar,Abusive,
Hindi_image_1122.jpg,Negative,Sarcastic,Non Vulgar,Abusive,
Hindi_image_2389.jpg,Positive,Sarcastic,Non Vulgar,Abusive,
Hindi_image_888.jpg,Negative,Sarcastic,Vulgar,Abusive,
Hindi_image_934.jpg,Negative,Non-Sarcastic,Vulgar,Abusive,
Hindi_image_1550.jpg,Negative,Sarcastic,Vulgar,Abusive,
Hindi_image_1031.jpg,Negative,Non-Sarcastic,Non Vulgar,Abusive,
Hindi_image_182.jpg,Neutral,Non-Sarcastic,Vulgar,Abusive,
Hindi_image_870.jpg,Negative,Non-Sarcastic,Non Vulgar,Abusive,
Hindi_image_464.jpg,Negative,Non-Sarcastic,Vulgar,Abusive,
Hindi_image_2371.jpg,Positive,Sarcastic,Non Vulgar,Abusive,
Hindi_image_1534.jpg,Positive,Sarcastic,Non Vulgar,Abusive,
Hindi_image_2388.jpg,Negative,Sarcastic,Non Vulgar,Abusive,
Hindi_image_1078.jpg,Negative,Non-Sarcastic,Non Vulgar,Abusive,
Hindi_image_1017.jpg,Negative,Sarcastic,Non Vulgar,Abusive,
Hindi_image_170.jpg,Neutral,Non-Sarcastic,Vulgar,Abusive,
Hindi_image_1047.jpg,Negative,Non-Sarcastic,Non Vulgar,Abusive,Others
Hindi_image_14.jpg,Negative,Sarcastic,Vulgar,Abusive,Others
Hindi_image_564.jpg,Positive,Non-Sarcastic,Vulgar,Abusive,Others
Hindi_image_976.jpg,Negative,Non-Sarcastic,Vulgar,Abusive,Others
Hindi_image_948.jpg,Negative,Sarcastic,Non Vulgar,Abusive,Others
Hindi_image_53.jpg,Negative,Non-Sarcastic,Vulgar,Abusive,Others
Hindi_image_1720.jpg,Negative,Sarcastic,Vulgar,Abusive,Others
Hindi_image_1339.jpg,Negative,Non-Sarcastic,Non Vulgar,Abusive,Others
Hindi_image_334.jpg,Negative,Non-Sarcastic,Vulgar,Abusive,Others
Hindi_image_865.jpg,Negative,Non-Sarcastic,Non Vulgar,Abusive,Others
Hindi_image_309.jpg,Neutral,Non-Sarcastic,Vulgar,Abusive,Others
Hindi_image_1484.jpg,Negative,Sarcastic,Non Vulgar,Abusive,Others
Hindi_image_968.jpg,Negative,Sarcastic,Vulgar,Abusive,Others
Hindi_image_939.jpg,Negative,Non-Sarcastic,Non Vulgar,Abusive,Others
Hindi_image_616.jpg,Negative,Sarcastic,Vulgar,Abusive,Others
Hindi_image_2011.jpg,Negative,Sarcastic,Vulgar,Abusive,Others
Hindi_image_2268.jpg,Negative,Sarcastic,Vulgar,Abusive,Others
Hindi_image_2328.jpg,Negative,Non-Sarcastic,Non Vulgar,Abusive,Others
Hindi_image_876.jpg,Negative,Sarcastic,Non Vulgar,Abusive,Others
Hindi_image_889.jpg,Negative,Sarcastic,Non Vulgar,Abusive,Others
Hindi_image_1872.jpg,Negative,Sarcastic,Vulgar,Abusive,Others
Hindi_image_877.jpg,Negative,Sarcastic,Non Vulgar,Abusive,Others
Hindi_image_2305.jpg,Negative,Non-Sarcastic,Vulgar,Abusive,Others
Hindi_image_194.jpg,Negative,Non-Sarcastic,Vulgar,Abusive,Others
Hindi_image_2322.jpg,Negative,Non-Sarcastic,Non Vulgar,Abusive,Others
Hindi_image_797.jpg,Negative,Non-Sarcastic,Non Vulgar,Abusive,Others
Hindi_image_2267.jpg,Negative,Sarcastic,Non Vulgar,Abusive,Others
Hindi_image_88.jpg,Positive,Sarcastic,Vulgar,Abusive,Others
Hindi_image_571.jpg,Negative,Non-Sarcastic,Vulgar,Abusive,Others
Hindi_image_205.jpg,Negative,Sarcastic,Vulgar,Abusive,Others
Hindi_image_94.jpg,Negative,Non-Sarcastic,Vulgar,Abusive,Others
Hindi_image_1701.jpg,Negative,Sarcastic,Non Vulgar,Abusive,Others
Hindi_image_180.jpg,Positive,Sarcastic,Vulgar,Abusive,Others
Hindi_image_25.jpg,Negative,Sarcastic,Vulgar,Abusive,Others
Hindi_image_1807.jpg,Negative,Non-Sarcastic,Non Vulgar,Abusive,Others
Hindi_image_975.jpg,Negative,Non-Sarcastic,Non Vulgar,Abusive,Others
Hindi_image_369.jpg,Negative,Sarcastic,Vulgar,Abusive,Political
Hindi_image_2364.jpg,Negative,Sarcastic,Non Vulgar,Abusive,Political
Hindi_image_220.jpg,Negative,Sarcastic,Vulgar,Abusive,Political
Hindi_image_2367.jpg,Neutral,Non-Sarcastic,Non Vulgar,Abusive,Political
Hindi_image_2341.jpg,Negative,Sarcastic,Non Vulgar,Abusive,Political
Hindi_image_351.jpg,Positive,Sarcastic,Non Vulgar,Abusive,Religion
Hindi_image_1343.jpg,Neutral,Sarcastic,Non Vulgar,Abusive,Social Sub-groups
Hindi_image_1692.jpg,Negative,Sarcastic,Non Vulgar,Abusive,Social Sub-groups
Hindi_image_1842.jpg,Negative,Sarcastic,Vulgar,Abusive,Social Sub-groups
Hindi_image_1844.jpg,Negative,Sarcastic,Non Vulgar,Abusive,Social Sub-groups
Hindi_image_892.jpg,Negative,Non-Sarcastic,Non Vulgar,Abusive,Social Sub-groups
Hindi_image_1914.jpg,Negative,Sarcastic,Vulgar,Abusive,Social Sub-groups
Hindi_image_919.jpg,Negative,Sarcastic,Non Vulgar,Abusive,Social Sub-groups
Hindi_image_2112.jpg,Negative,Sarcastic,Non Vulgar,Abusive,Social Sub-groups
Hindi_image_1566.jpg,Negative,Sarcastic,Non Vulgar,Abusive,Social Sub-groups
Hindi_image_903.jpg,Negative,Sarcastic,Non Vulgar,Abusive,Social Sub-groups
Hindi_image_1979.jpg,Positive,Sarcastic,Non Vulgar,Abusive,Social Sub-groups
Hindi_image_1982.jpg,Positive,Sarcastic,Non Vulgar,Abusive,Social Sub-groups
Hindi_image_2361.jpg,Negative,Sarcastic,Non Vulgar,Abusive,Social Sub-groups
Hindi_image_1875.jpg,Positive,Sarcastic,Non Vulgar,Abusive,Social Sub-groups
Hindi_image_1974.jpg,Negative,Sarcastic,Non Vulgar,Abusive,Social Sub-groups
Hindi_image_1869.jpg,Positive,Sarcastic,Non Vulgar,Abusive,Social Sub-groups
Hindi_image_2375.jpg,Negative,Non-Sarcastic,Non Vulgar,Abusive,Social Sub-groups
Hindi_image_1745.jpg,Negative,Sarcastic,Non Vulgar,Abusive,Social Sub-groups
Hindi_image_845.jpg,Negative,Sarcastic,Non Vulgar,Abusive,Social Sub-groups
Hindi_image_1026.jpg,Negative,Sarcastic,Non Vulgar,Abusive,Social Sub-groups
Hindi_image_1990.jpg,Negative,Sarcastic,Vulgar,Abusive,Social Sub-groups
Hindi_image_965.jpg,Negative,Sarcastic,Non Vulgar,Abusive,Social Sub-groups
Hindi_image_2275.jpg,Negative,Sarcastic,Non Vulgar,Abusive,Social Sub-groups
Hindi_image_1685.jpg,Negative,Sarcastic,Non Vulgar,Abusive,Social Sub-groups
Hindi_image_873.jpg,Negative,Sarcastic,Non Vulgar,Abusive,Social Sub-groups
Hindi_image_2362.jpg,Positive,Sarcastic,Non Vulgar,Abusive,Social Sub-groups
Hindi_image_2300.jpg,Negative,Sarcastic,Non Vulgar,Abusive,Social Sub-groups
Hindi_image_74.jpg,Negative,Non-Sarcastic,Vulgar,Abusive,Social Sub-groups
Hindi_image_161.jpg,Neutral,Non-Sarcastic,Vulgar,Non-abusive,Gender
Hindi_image_36.jpg,Negative,Non-Sarcastic,Vulgar,Non-abusive,Gender
Hindi_image_1663.jpg,Neutral,Sarcastic,Non Vulgar,Non-abusive,Gender
Hindi_image_165.jpg,Neutral,Sarcastic,Vulgar,Non-abusive,Gender
Hindi_image_87.jpg,Neutral,Sarcastic,Vulgar,Non-abusive,Gender
Hindi_image_41.jpg,Negative,Sarcastic,Vulgar,Non-abusive,Gender
Hindi_image_59.jpg,Positive,Non-Sarcastic,Vulgar,Non-abusive,Gender
Hindi_image_76.jpg,Neutral,Sarcastic,Non Vulgar,Non-abusive,Gender
Hindi_image_1158.jpg,Negative,Non-Sarcastic,Vulgar,Non-abusive,Gender
Hindi_image_242.jpg,Neutral,Non-Sarcastic,Non Vulgar,Non-abusive,Gender
Hindi_image_103.jpg,Neutral,Sarcastic,Vulgar,Non-abusive,Gender
Hindi_image_158.jpg,Neutral,Sarcastic,Vulgar,Non-abusive,Gender
Hindi_image_710.jpg,Positive,Sarcastic,Vulgar,Non-abusive,Gender
Hindi_image_306.jpg,Positive,Sarcastic,Vulgar,Non-abusive,Gender
Hindi_image_593.jpg,Neutral,Sarcastic,Vulgar,Non-abusive,Gender
Hindi_image_1623.jpg,Positive,Sarcastic,Vulgar,Non-abusive,Gender
Hindi_image_219.jpg,Neutral,Sarcastic,Non Vulgar,Non-abusive,Gender
Hindi_image_104.jpg,Positive,Sarcastic,Vulgar,Non-abusive,Gender
Hindi_image_117.jpg,Neutral,Sarcastic,Vulgar,Non-abusive,Gender
Hindi_image_1667.jpg,Negative,Sarcastic,Vulgar,Non-abusive,Gender
Hindi_image_2018.jpg,Negative,Sarcastic,Vulgar,Non-abusive,Gender
Hindi_image_654.jpg,Positive,Sarcastic,Non Vulgar,Non-abusive,Gender
Hindi_image_624.jpg,Positive,Non-Sarcastic,Vulgar,Non-abusive,Gender
Hindi_image_613.jpg,Neutral,Sarcastic,Non Vulgar,Non-abusive,Gender
Hindi_image_2004.jpg,Negative,Sarcastic,Non Vulgar,Non-abusive,Gender
Hindi_image_89.jpg,Neutral,Sarcastic,Vulgar,Non-abusive,Gender
Hindi_image_671.jpg,Neutral,Sarcastic,Vulgar,Non-abusive,Gender
Hindi_image_1634.jpg,Positive,Sarcastic,Vulgar,Non-abusive,Gender
Hindi_image_109.jpg,Neutral,Non-Sarcastic,Vulgar,Non-abusive,Gender
Hindi_image_2093.jpg,Positive,Sarcastic,Non Vulgar,Non-abusive,Gender
Hindi_image_61.jpg,Negative,Sarcastic,Non Vulgar,Non-abusive,Gender
Hindi_image_1662.jpg,Negative,Sarcastic,Non Vulgar,Non-abusive,Gender
Hindi_image_886.jpg,Negative,Non-Sarcastic,Non Vulgar,Non-abusive,Gender
Hindi_image_1877.jpg,Positive,Sarcastic,Vulgar,Non-abusive,Gender
Hindi_image_135.jpg,Neutral,Sarcastic,Vulgar,Non-abusive,Gender
Hindi_image_95.jpg,Neutral,Sarcastic,Non Vulgar,Non-abusive,Gender
Hindi_image_1929.jpg,Positive,Sarcastic,Non Vulgar,Non-abusive,Gender
Hindi_image_6.jpg,Negative,Sarcastic,Vulgar,Non-abusive,Gender
Hindi_image_1689.jpg,Neutral,Sarcastic,Non Vulgar,Non-abusive,Gender
Hindi_image_1683.jpg,Negative,Sarcastic,Non Vulgar,Non-abusive,Gender
Hindi_image_16.jpg,Neutral,Sarcastic,Vulgar,Non-abusive,Gender
Hindi_image_2175.jpg,Positive,Sarcastic,Vulgar,Non-abusive,Gender
Hindi_image_317.jpg,Positive,Sarcastic,Vulgar,Non-abusive,Gender
Hindi_image_153.jpg,Positive,Non-Sarcastic,Vulgar,Non-abusive,Gender
Hindi_image_708.jpg,Positive,Sarcastic,Vulgar,Non-abusive,Gender
Hindi_image_2232.jpg,Negative,Sarcastic,Non Vulgar,Non-abusive,Gender
Hindi_image_176.jpg,Positive,Non-Sarcastic,Vulgar,Non-abusive,Gender
Hindi_image_1915.jpg,Negative,Sarcastic,Non Vulgar,Non-abusive,Gender
Hindi_image_1746.jpg,Negative,Sarcastic,Vulgar,Non-abusive,Gender
Hindi_image_38.jpg,Positive,Sarcastic,Vulgar,Non-abusive,Gender
Hindi_image_2270.jpg,Negative,Sarcastic,Vulgar,Non-abusive,Gender
Hindi_image_2274.jpg,Positive,Sarcastic,Vulgar,Non-abusive,Gender
Hindi_image_1648.jpg,Negative,Sarcastic,Vulgar,Non-abusive,Gender
Hindi_image_1480.jpg,Negative,Sarcastic,Vulgar,Non-abusive,Gender
Hindi_image_318.jpg,Neutral,Sarcastic,Non Vulgar,Non-abusive,Gender
Hindi_image_111.jpg,Neutral,Sarcastic,Vulgar,Non-abusive,Gender
Hindi_image_326.jpg,Negative,Non-Sarcastic,Vulgar,Non-abusive,Gender
Hindi_image_1266.jpg,Negative,Sarcastic,Vulgar,Non-abusive,Gender
Hindi_image_665.jpg,Neutral,Sarcastic,Non Vulgar,Non-abusive,Gender
Hindi_image_1168.jpg,Neutral,Sarcastic,Non Vulgar,Non-abusive,Gender
Hindi_image_80.jpg,Negative,Non-Sarcastic,Vulgar,Non-abusive,Gender
Hindi_image_1901.jpg,Negative,Sarcastic,Vulgar,Non-abusive,Gender
Hindi_image_83.jpg,Negative,Non-Sarcastic,Vulgar,Non-abusive,Gender
Hindi_image_70.jpg,Negative,Non-Sarcastic,Vulgar,Non-abusive,Gender
Hindi_image_1247.jpg,Negative,Sarcastic,Non Vulgar,Non-abusive,Gender
Hindi_image_1181.jpg,Negative,Sarcastic,Non Vulgar,Non-abusive,Gender
Hindi_image_2200.jpg,Negative,Sarcastic,Vulgar,Non-abusive,Gender
Hindi_image_126.jpg,Neutral,Sarcastic,Vulgar,Non-abusive,Gender
Hindi_image_346.jpg,Neutral,Sarcastic,Non Vulgar,Non-abusive,Gender
Hindi_image_1214.jpg,Negative,Non-Sarcastic,Non Vulgar,Non-abusive,Gender
Hindi_image_1487.jpg,Neutral,Non-Sarcastic,Non Vulgar,Non-abusive,Gender
Hindi_image_144.jpg,Positive,Sarcastic,Vulgar,Non-abusive,Gender
Hindi_image_106.jpg,Positive,Sarcastic,Non Vulgar,Non-abusive,Gender
Hindi_image_503.jpg,Positive,Sarcastic,Vulgar,Non-abusive,Gender
Hindi_image_174.jpg,Neutral,Non-Sarcastic,Vulgar,Non-abusive,Gender
Hindi_image_2098.jpg,Positive,Sarcastic,Non Vulgar,Non-abusive,Gender
Hindi_image_85.jpg,Neutral,Sarcastic,Vulgar,Non-abusive,Gender
Hindi_image_139.jpg,Positive,Sarcastic,Vulgar,Non-abusive,Gender
Hindi_image_154.jpg,Neutral,Sarcastic,Vulgar,Non-abusive,Gender
Hindi_image_1845.jpg,Negative,Sarcastic,Vulgar,Non-abusive,Gender
Hindi_image_86.jpg,Neutral,Sarcastic,Vulgar,Non-abusive,Gender
Hindi_image_728.jpg,Neutral,Sarcastic,Non Vulgar,Non-abusive,Gender
Hindi_image_652.jpg,Positive,Sarcastic,Non Vulgar,Non-abusive,Gender
Hindi_image_2213.jpg,Negative,Sarcastic,Non Vulgar,Non-abusive,Gender
Hindi_image_97.jpg,Neutral,Sarcastic,Vulgar,Non-abusive,Gender
Hindi_image_1620.jpg,Negative,Sarcastic,Non Vulgar,Non-abusive,Gender
Hindi_image_40.jpg,Positive,Sarcastic,Vulgar,Non-abusive,Gender
Hindi_image_1649.jpg,Positive,Sarcastic,Non Vulgar,Non-abusive,Gender
Hindi_image_13.jpg,Neutral,Sarcastic,Vulgar,Non-abusive,Gender
Hindi_image_348.jpg,Positive,Sarcastic,Non Vulgar,Non-abusive,Gender
Hindi_image_178.jpg,Positive,Sarcastic,Vulgar,Non-abusive,Gender
Hindi_image_2242.jpg,Positive,Sarcastic,Non Vulgar,Non-abusive,Individual
Hindi_image_1204.jpg,Neutral,Sarcastic,Non Vulgar,Non-abusive,Individual
Hindi_image_1327.jpg,Negative,Sarcastic,Vulgar,Non-abusive,Individual
Hindi_image_1554.jpg,Neutral,Sarcastic,Non Vulgar,Non-abusive,Individual
Hindi_image_1304.jpg,Positive,Non-Sarcastic,Non Vulgar,Non-abusive,Individual
Hindi_image_1242.jpg,Neutral,Sarcastic,Non Vulgar,Non-abusive,Individual
Hindi_image_766.jpg,Neutral,Non-Sarcastic,Non Vulgar,Non-abusive,Individual
Hindi_image_1125.jpg,Neutral,Sarcastic,Non Vulgar,Non-abusive,Individual
Hindi_image_1037.jpg,Neutral,Sarcastic,Non Vulgar,Non-abusive,Individual
Hindi_image_792.jpg,Negative,Sarcastic,Vulgar,Non-abusive,Individual
Hindi_image_2035.jpg,Negative,Sarcastic,Non Vulgar,Non-abusive,Individual
Hindi_image_1580.jpg,Positive,Sarcastic,Vulgar,Non-abusive,Individual
Hindi_image_1212.jpg,Negative,Non-Sarcastic,Vulgar,Non-abusive,Individual
Hindi_image_637.jpg,Positive,Non-Sarcastic,Non Vulgar,Non-abusive,Individual
Hindi_image_1888.jpg,Negative,Sarcastic,Non Vulgar,Non-abusive,Individual
Hindi_image_1368.jpg,Neutral,Non-Sarcastic,Non Vulgar,Non-abusive,Individual
Hindi_image_340.jpg,Positive,Non-Sarcastic,Non Vulgar,Non-abusive,Individual
Hindi_image_241.jpg,Positive,Non-Sarcastic,Non Vulgar,Non-abusive,Individual
Hindi_image_1228.jpg,Negative,Sarcastic,Non Vulgar,Non-abusive,Individual
Hindi_image_744.jpg,Positive,Sarcastic,Vulgar,Non-abusive,Individual
Hindi_image_1406.jpg,Neutral,Non-Sarcastic,Non Vulgar,Non-abusive,Individual
Hindi_image_1672.jpg,Positive,Sarcastic,Non Vulgar,Non-abusive,Individual
Hindi_image_1317.jpg,Neutral,Non-Sarcastic,Non Vulgar,Non-abusive,Individual
Hindi_image_1239.jpg,Negative,Sarcastic,Non Vulgar,Non-abusive,Individual
Hindi_image_1592.jpg,Negative,Sarcastic,Vulgar,Non-abusive,Individual
Hindi_image_1245.jpg,Negative,Sarcastic,Vulgar,Non-abusive,Individual
Hindi_image_1517.jpg,Neutral,Sarcastic,Non Vulgar,Non-abusive,Individual
Hindi_image_905.jpg,Neutral,Non-Sarcastic,Non Vulgar,Non-abusive,Individual
Hindi_image_1518.jpg,Neutral,Non-Sarcastic,Non Vulgar,Non-abusive,Individual
Hindi_image_819.jpg,Negative,Sarcastic,Vulgar,Non-abusive,Individual
Hindi_image_1274.jpg,Negative,Sarcastic,Non Vulgar,Non-abusive,Individual
Hindi_image_782.jpg,Negative,Non-Sarcastic,Non Vulgar,Non-abusive,Individual
Hindi_image_116.jpg,Positive,Non-Sarcastic,Non Vulgar,Non-abusive,Individual
Hindi_image_1296.jpg,Negative,Sarcastic,Non Vulgar,Non-abusive,Individual
Hindi_image_1341.jpg,Negative,Non-Sarcastic,Non Vulgar,Non-abusive,Individual
Hindi_image_1059.jpg,Neutral,Non-Sarcastic,Non Vulgar,Non-abusive,Individual
Hindi_image_1195.jpg,Negative,Sarcastic,Vulgar,Non-abusive,Individual
Hindi_image_1481.jpg,Neutral,Non-Sarcastic,Non Vulgar,Non-abusive,Individual
Hindi_image_1150.jpg,Neutral,Sarcastic,Non Vulgar,Non-abusive,Individual
Hindi_image_1436.jpg,Positive,Sarcastic,Non Vulgar,Non-abusive,Individual
Hindi_image_1288.jpg,Neutral,Sarcastic,Non Vulgar,Non-abusive,Individual
Hindi_image_1596.jpg,Positive,Sarcastic,Non Vulgar,Non-abusive,Individual
Hindi_image_583.jpg,Positive,Sarcastic,Non Vulgar,Non-abusive,Individual
Hindi_image_1094.jpg,Neutral,Sarcastic,Non Vulgar,Non-abusive,Individual
Hindi_image_1897.jpg,Negative,Sarcastic,Vulgar,Non-abusive,Individual
Hindi_image_1136.jpg,Negative,Sarcastic,Non Vulgar,Non-abusive,Individual
Hindi_image_235.jpg,Negative,Sarcastic,Non Vulgar,Non-abusive,Individual
Hindi_image_1969.jpg,Negative,Sarcastic,Vulgar,Non-abusive,Individual
Hindi_image_767.jpg,Neutral,Sarcastic,Non Vulgar,Non-abusive,Individual
Hindi_image_768.jpg,Negative,Sarcastic,Non Vulgar,Non-abusive,Individual
Hindi_image_954.jpg,Negative,Non-Sarcastic,Non Vulgar,Non-abusive,Individual
Hindi_image_2202.jpg,Negative,Sarcastic,Non Vulgar,Non-abusive,Individual
Hindi_image_208.jpg,Positive,Sarcastic,Non Vulgar,Non-abusive,Individual
Hindi_image_1684.jpg,Positive,Sarcastic,Non Vulgar,Non-abusive,Individual
Hindi_image_1127.jpg,Neutral,Non-Sarcastic,Non Vulgar,Non-abusive,Individual
Hindi_image_1260.jpg,Negative,Sarcastic,Non Vulgar,Non-abusive,Individual
Hindi_image_301.jpg,Neutral,Non-Sarcastic,Vulgar,Non-abusive,Individual
Hindi_image_2066.jpg,Negative,Sarcastic,Vulgar,Non-abusive,Individual
Hindi_image_1516.jpg,Neutral,Sarcastic,Vulgar,Non-abusive,Individual
Hindi_image_237.jpg,Neutral,Sarcastic,Non Vulgar,Non-abusive,Individual
Hindi_image_1972.jpg,Positive,Sarcastic,Non Vulgar,Non-abusive,Individual
Hindi_image_1073.jpg,Neutral,Sarcastic,Non Vulgar,Non-abusive,Individual
Hindi_image_1474.jpg,Negative,Sarcastic,Non Vulgar,Non-abusive,Individual
Hindi_image_1374.jpg,Negative,Sarcastic,Vulgar,Non-abusive,Individual
Hindi_image_2166.jpg,Positive,Sarcastic,Non Vulgar,Non-abusive,Individual
Hindi_image_515.jpg,Neutral,Sarcastic,Vulgar,Non-abusive,Individual
Hindi_image_1072.jpg,Neutral,Sarcastic,Non Vulgar,Non-abusive,Individual
Hindi_image_1538.jpg,Positive,Sarcastic,Vulgar,Non-abusive,Individual
Hindi_image_1240.jpg,Negative,Sarcastic,Non Vulgar,Non-abusive,Individual
Hindi_image_779.jpg,Negative,Non-Sarcastic,Non Vulgar,Non-abusive,Individual
Hindi_image_1095.jpg,Negative,Sarcastic,Vulgar,Non-abusive,Individual
Hindi_image_1071.jpg,Neutral,Sarcastic,Non Vulgar,Non-abusive,Individual
Hindi_image_721.jpg,Positive,Sarcastic,Non Vulgar,Non-abusive,Individual
Hindi_image_206.jpg,Positive,Sarcastic,Vulgar,Non-abusive,Individual
Hindi_image_1413.jpg,Negative,Sarcastic,Vulgar,Non-abusive,Individual
Hindi_image_1485.jpg,Negative,Sarcastic,Non Vulgar,Non-abusive,Individual
Hindi_image_1496.jpg,Negative,Sarcastic,Vulgar,Non-abusive,Individual
Hindi_image_1034.jpg,Positive,Non-Sarcastic,Non Vulgar,Non-abusive,Individual
Hindi_image_1092.jpg,Neutral,Non-Sarcastic,Non Vulgar,Non-abusive,Individual
Hindi_image_1391.jpg,Neutral,Sarcastic,Non Vulgar,Non-abusive,Individual
Hindi_image_1154.jpg,Negative,Non-Sarcastic,Non Vulgar,Non-abusive,Individual
Hindi_image_399.jpg,Neutral,Non-Sarcastic,Non Vulgar,Non-abusive,Individual
Hindi_image_2.jpg,Positive,Sarcastic,Vulgar,Non-abusive,Individual
Hindi_image_2070.jpg,Positive,Sarcastic,Vulgar,Non-abusive,Individual
Hindi_image_1477.jpg,Neutral,Sarcastic,Non Vulgar,Non-abusive,Individual
Hindi_image_1243.jpg,Negative,Sarcastic,Non Vulgar,Non-abusive,Individual
Hindi_image_353.jpg,Positive,Sarcastic,Non Vulgar,Non-abusive,Individual
Hindi_image_1382.jpg,Neutral,Non-Sarcastic,Non Vulgar,Non-abusive,Individual
Hindi_image_1965.jpg,Positive,Non-Sarcastic,Non Vulgar,Non-abusive,Individual
Hindi_image_855.jpg,Neutral,Non-Sarcastic,Non Vulgar,Non-abusive,Individual
Hindi_image_804.jpg,Negative,Non-Sarcastic,Non Vulgar,Non-abusive,Individual
Hindi_image_548.jpg,Positive,Sarcastic,Vulgar,Non-abusive,Individual
Hindi_image_1241.jpg,Negative,Non-Sarcastic,Vulgar,Non-abusive,Individual
Hindi_image_1848.jpg,Negative,Sarcastic,Non Vulgar,Non-abusive,Individual
Hindi_image_1482.jpg,Neutral,Sarcastic,Non Vulgar,Non-abusive,Individual
Hindi_image_1100.jpg,Positive,Non-Sarcastic,Non Vulgar,Non-abusive,Individual
Hindi_image_1190.jpg,Negative,Non-Sarcastic,Non Vulgar,Non-abusive,Individual
Hindi_image_2258.jpg,Positive,Non-Sarcastic,Non Vulgar,Non-abusive,Individual
Hindi_image_1428.jpg,Neutral,Sarcastic,Non Vulgar,Non-abusive,Individual
Hindi_image_996.jpg,Negative,Non-Sarcastic,Non Vulgar,Non-abusive,Individual
Hindi_image_1198.jpg,Neutral,Sarcastic,Non Vulgar,Non-abusive,Individual
Hindi_image_1281.jpg,Neutral,Sarcastic,Non Vulgar,Non-abusive,Individual
Hindi_image_1651.jpg,Negative,Sarcastic,Vulgar,Non-abusive,Individual
Hindi_image_748.jpg,Positive,Sarcastic,Vulgar,Non-abusive,Individual
Hindi_image_2009.jpg,Negative,Sarcastic,Vulgar,Non-abusive,Individual
Hindi_image_1557.jpg,Neutral,Sarcastic,Non Vulgar,Non-abusive,Individual
Hindi_image_1433.jpg,Negative,Non-Sarcastic,Vulgar,Non-abusive,Individual
Hindi_image_105.jpg,Neutral,Sarcastic,Vulgar,Non-abusive,Individual
Hindi_image_1106.jpg,Neutral,Sarcastic,Non Vulgar,Non-abusive,Individual
Hindi_image_1952.jpg,Positive,Non-Sarcastic,Non Vulgar,Non-abusive,Individual
Hindi_image_2056.jpg,Negative,Sarcastic,Non Vulgar,Non-abusive,Individual
Hindi_image_1401.jpg,Neutral,Non-Sarcastic,Non Vulgar,Non-abusive,Individual
Hindi_image_858.jpg,Negative,Non-Sarcastic,Non Vulgar,Non-abusive,Individual
Hindi_image_1169.jpg,Negative,Sarcastic,Non Vulgar,Non-abusive,Individual
Hindi_image_1227.jpg,Negative,Sarcastic,Vulgar,Non-abusive,Individual
Hindi_image_1390.jpg,Neutral,Non-Sarcastic,Non Vulgar,Non-abusive,Individual
Hindi_image_1367.jpg,Negative,Sarcastic,Non Vulgar,Non-abusive,Individual
Hindi_image_312.jpg,Positive,Sarcastic,Non Vulgar,Non-abusive,Individual
Hindi_image_1223.jpg,Neutral,Sarcastic,Non Vulgar,Non-abusive,Individual
Hindi_image_1828.jpg,Positive,Sarcastic,Vulgar,Non-abusive,Individual
Hindi_image_1405.jpg,Negative,Non-Sarcastic,Vulgar,Non-abusive,Individual
Hindi_image_2236.jpg,Positive,Sarcastic,Non Vulgar,Non-abusive,Individual
Hindi_image_1798.jpg,Negative,Non-Sarcastic,Vulgar,Non-abusive,Individual
Hindi_image_1326.jpg,Neutral,Sarcastic,Non Vulgar,Non-abusive,Individual
Hindi_image_1510.jpg,Neutral,Non-Sarcastic,Non Vulgar,Non-abusive,Individual
Hindi_image_793.jpg,Positive,Non-Sarcastic,Non Vulgar,Non-abusive,Individual
Hindi_image_851.jpg,Negative,Non-Sarcastic,Vulgar,Non-abusive,Individual
Hindi_image_1254.jpg,Neutral,Sarcastic,Non Vulgar,Non-abusive,Individual
Hindi_image_1567.jpg,Negative,Non-Sarcastic,Vulgar,Non-abusive,Individual
Hindi_image_2034.jpg,Negative,Sarcastic,Vulgar,Non-abusive,Individual
Hindi_image_1283.jpg,Neutral,Sarcastic,Non Vulgar,Non-abusive,Individual
Hindi_image_1802.jpg,Negative,Sarcastic,Vulgar,Non-abusive,Individual
Hindi_image_897.jpg,Negative,Sarcastic,Vulgar,Non-abusive,Individual
Hindi_image_801.jpg,Positive,Non-Sarcastic,Non Vulgar,Non-abusive,Individual
Hindi_image_1493.jpg,Negative,Non-Sarcastic,Vulgar,Non-abusive,Individual
Hindi_image_1001.jpg,Negative,Sarcastic,Vulgar,Non-abusive,Individual
Hindi_image_1329.jpg,Neutral,Sarcastic,Non Vulgar,Non-abusive,Individual
Hindi_image_1445.jpg,Neutral,Non-Sarcastic,Non Vulgar,Non-abusive,Individual
Hindi_image_1806.jpg,Positive,Sarcastic,Non Vulgar,Non-abusive,Individual
Hindi_image_718.jpg,Positive,Sarcastic,Vulgar,Non-abusive,Individual
Hindi_image_1358.jpg,Neutral,Non-Sarcastic,Non Vulgar,Non-abusive,Individual
Hindi_image_1473.jpg,Negative,Sarcastic,Non Vulgar,Non-abusive,Individual
Hindi_image_760.jpg,Positive,Sarcastic,Non Vulgar,Non-abusive,Individual
Hindi_image_978.jpg,Neutral,Non-Sarcastic,Non Vulgar,Non-abusive,Individual
Hindi_image_1196.jpg,Negative,Non-Sarcastic,Non Vulgar,Non-abusive,Individual
Hindi_image_627.jpg,Positive,Non-Sarcastic,Non Vulgar,Non-abusive,Individual
Hindi_image_1606.jpg,Neutral,Sarcastic,Vulgar,Non-abusive,Individual
Hindi_image_1494.jpg,Negative,Sarcastic,Vulgar,Non-abusive,Individual
Hindi_image_1949.jpg,Negative,Sarcastic,Vulgar,Non-abusive,Individual
Hindi_image_1608.jpg,Negative,Sarcastic,Non Vulgar,Non-abusive,Individual
Hindi_image_1331.jpg,Negative,Non-Sarcastic,Vulgar,Non-abusive,Individual
Hindi_image_184.jpg,Positive,Sarcastic,Non Vulgar,Non-abusive,Individual
Hindi_image_1467.jpg,Negative,Sarcastic,Non Vulgar,Non-abusive,Individual
Hindi_image_1743.jpg,Positive,Sarcastic,Vulgar,Non-abusive,Individual
Hindi_image_1019.jpg,Negative,Non-Sarcastic,Non Vulgar,Non-abusive,Individual
Hindi_image_1497.jpg,Negative,Sarcastic,Vulgar,Non-abusive,Individual
Hindi_image_831.jpg,Neutral,Non-Sarcastic,Non Vulgar,Non-abusive,Individual
Hindi_image_2237.jpg,Negative,Sarcastic,Non Vulgar,Non-abusive,Individual
Hindi_image_986.jpg,Negative,Sarcastic,Vulgar,Non-abusive,Individual
Hindi_image_818.jpg,Negative,Sarcastic,Non Vulgar,Non-abusive,Individual
Hindi_image_1333.jpg,Negative,Non-Sarcastic,Non Vulgar,Non-abusive,Individual
Hindi_image_887.jpg,Negative,Sarcastic,Vulgar,Non-abusive,Individual
Hindi_image_1454.jpg,Negative,Sarcastic,Vulgar,Non-abusive,Individual
Hindi_image_827.jpg,Neutral,Non-Sarcastic,Non Vulgar,Non-abusive,Individual
Hindi_image_2089.jpg,Positive,Sarcastic,Vulgar,Non-abusive,Individual
Hindi_image_740.jpg,Positive,Sarcastic,Non Vulgar,Non-abusive,Individual
Hindi_image_992.jpg,Negative,Non-Sarcastic,Vulgar,Non-abusive,Individual
Hindi_image_1185.jpg,Negative,Sarcastic,Non Vulgar,Non-abusive,Individual
Hindi_image_676.jpg,Positive,Sarcastic,Vulgar,Non-abusive,Individual
Hindi_image_1307.jpg,Neutral,Sarcastic,Vulgar,Non-abusive,Individual
Hindi_image_2204.jpg,Positive,Sarcastic,Non Vulgar,Non-abusive,Individual
Hindi_image_1000.jpg,Negative,Sarcastic,Vulgar,Non-abusive,Individual
Hindi_image_1707.jpg,Positive,Sarcastic,Non Vulgar,Non-abusive,Individual
Hindi_image_1407.jpg,Neutral,Sarcastic,Non Vulgar,Non-abusive,Individual
Hindi_image_739.jpg,Positive,Sarcastic,Vulgar,Non-abusive,Individual
Hindi_image_258.jpg,Positive,Sarcastic,Non Vulgar,Non-abusive,Individual
Hindi_image_964.jpg,Negative,Non-Sarcastic,Non Vulgar,Non-abusive,Individual
Hindi_image_238.jpg,Positive,Sarcastic,Non Vulgar,Non-abusive,Individual
Hindi_image_2164.jpg,Positive,Sarcastic,Non Vulgar,Non-abusive,Individual
Hindi_image_1744.jpg,Negative,Sarcastic,Vulgar,Non-abusive,Individual
Hindi_image_483.jpg,Neutral,Sarcastic,Non Vulgar,Non-abusive,Individual
Hindi_image_1294.jpg,Neutral,Non-Sarcastic,Non Vulgar,Non-abusive,Individual
Hindi_image_1121.jpg,Negative,Sarcastic,Non Vulgar,Non-abusive,Individual
Hindi_image_1328.jpg,Neutral,Non-Sarcastic,Non Vulgar,Non-abusive,Individual
Hindi_image_1093.jpg,Neutral,Non-Sarcastic,Non Vulgar,Non-abusive,Individual
Hindi_image_1531.jpg,Neutral,Sarcastic,Non Vulgar,Non-abusive,Individual
Hindi_image_1316.jpg,Negative,Non-Sarcastic,Vulgar,Non-abusive,Individual
Hindi_image_659.jpg,Positive,Sarcastic,Vulgar,Non-abusive,Individual
Hindi_image_2133.jpg,Positive,Sarcastic,Non Vulgar,Non-abusive,Individual
Hindi_image_1030.jpg,Neutral,Sarcastic,Non Vulgar,Non-abusive,Individual
Hindi_image_1293.jpg,Neutral,Non-Sarcastic,Non Vulgar,Non-abusive,Individual
Hindi_image_1603.jpg,Negative,Sarcastic,Non Vulgar,Non-abusive,Individual
Hindi_image_1507.jpg,Neutral,Sarcastic,Non Vulgar,Non-abusive,Individual
Hindi_image_2052.jpg,Positive,Sarcastic,Non Vulgar,Non-abusive,Individual
Hindi_image_1512.jpg,Negative,Sarcastic,Vulgar,Non-abusive,Individual
Hindi_image_1365.jpg,Positive,Sarcastic,Non Vulgar,Non-abusive,Individual
Hindi_image_1522.jpg,Negative,Sarcastic,Vulgar,Non-abusive,Individual
Hindi_image_289.jpg,Neutral,Sarcastic,Non Vulgar,Non-abusive,Individual
Hindi_image_1402.jpg,Neutral,Sarcastic,Non Vulgar,Non-abusive,Individual
Hindi_image_2063.jpg,Positive,Sarcastic,Vulgar,Non-abusive,Individual
Hindi_image_1186.jpg,Negative,Non-Sarcastic,Non Vulgar,Non-abusive,Individual
Hindi_image_1889.jpg,Negative,Sarcastic,Non Vulgar,Non-abusive,Individual
Hindi_image_327.jpg,Positive,Sarcastic,Non Vulgar,Non-abusive,Individual
Hindi_image_2198.jpg,Negative,Sarcastic,Non Vulgar,Non-abusive,Individual
Hindi_image_2189.jpg,Positive,Sarcastic,Non Vulgar,Non-abusive,Individual
Hindi_image_2398.jpg,Neutral,Sarcastic,Vulgar,Non-abusive,Individual
Hindi_image_658.jpg,Positive,Sarcastic,Non Vulgar,Non-abusive,Individual
Hindi_image_794.jpg,Negative,Non-Sarcastic,Vulgar,Non-abusive,Individual
Hindi_image_821.jpg,Negative,Sarcastic,Non Vulgar,Non-abusive,Individual
Hindi_image_604.jpg,Positive,Sarcastic,Non Vulgar,Non-abusive,Individual
Hindi_image_895.jpg,Neutral,Non-Sarcastic,Non Vulgar,Non-abusive,Individual
Hindi_image_284.jpg,Negative,Non-Sarcastic,Vulgar,Non-abusive,Individual
Hindi_image_240.jpg,Negative,Non-Sarcastic,Vulgar,Non-abusive,Individual
Hindi_image_803.jpg,Negative,Non-Sarcastic,Vulgar,Non-abusive,Individual
Hindi_image_136.jpg,Positive,Non-Sarcastic,Vulgar,Non-abusive,Individual
Hindi_image_2228.jpg,Negative,Sarcastic,Non Vulgar,Non-abusive,Individual
Hindi_image_764.jpg,Positive,Non-Sarcastic,Non Vulgar,Non-abusive,Individual
Hindi_image_1139.jpg,Neutral,Sarcastic,Non Vulgar,Non-abusive,Individual
Hindi_image_1280.jpg,Neutral,Sarcastic,Non Vulgar,Non-abusive,Individual
Hindi_image_723.jpg,Positive,Sarcastic,Vulgar,Non-abusive,Individual
Hindi_image_1289.jpg,Negative,Sarcastic,Vulgar,Non-abusive,Individual
Hindi_image_1273.jpg,Neutral,Non-Sarcastic,Non Vulgar,Non-abusive,Individual
Hindi_image_2042.jpg,Positive,Sarcastic,Vulgar,Non-abusive,Individual
Hindi_image_1209.jpg,Negative,Sarcastic,Vulgar,Non-abusive,Individual
Hindi_image_1151.jpg,Neutral,Sarcastic,Non Vulgar,Non-abusive,Individual
Hindi_image_1614.jpg,Positive,Sarcastic,Vulgar,Non-abusive,Individual
Hindi_image_1458.jpg,Positive,Non-Sarcastic,Non Vulgar,Non-abusive,Individual
Hindi_image_321.jpg,Neutral,Sarcastic,Non Vulgar,Non-abusive,Individual
Hindi_image_2246.jpg,Positive,Sarcastic,Non Vulgar,Non-abusive,Individual
Hindi_image_209.jpg,Positive,Sarcastic,Non Vulgar,Non-abusive,Individual
Hindi_image_1116.jpg,Neutral,Sarcastic,Non Vulgar,Non-abusive,Individual
Hindi_image_1472.jpg,Neutral,Sarcastic,Non Vulgar,Non-abusive,Individual
Hindi_image_796.jpg,Negative,Sarcastic,Non Vulgar,Non-abusive,Individual
Hindi_image_1170.jpg,Neutral,Non-Sarcastic,Non Vulgar,Non-abusive,Individual
Hindi_image_1650.jpg,Negative,Sarcastic,Non Vulgar,Non-abusive,Individual
Hindi_image_1578.jpg,Negative,Sarcastic,Vulgar,Non-abusive,Individual
Hindi_image_1085.jpg,Neutral,Sarcastic,Non Vulgar,Non-abusive,Individual
Hindi_image_1605.jpg,Neutral,Sarcastic,Non Vulgar,Non-abusive,Individual
Hindi_image_1417.jpg,Negative,Sarcastic,Vulgar,Non-abusive,Individual
Hindi_image_1645.jpg,Negative,Sarcastic,Vulgar,Non-abusive,Individual
Hindi_image_352.jpg,Positive,Sarcastic,Vulgar,Non-abusive,Individual
Hindi_image_1313.jpg,Neutral,Sarcastic,Non Vulgar,Non-abusive,Individual
Hindi_image_428.jpg,Positive,Sarcastic,Non Vulgar,Non-abusive,Individual
Hindi_image_787.jpg,Negative,Non-Sarcastic,Vulgar,Non-abusive,Individual
Hindi_image_1425.jpg,Negative,Non-Sarcastic,Vulgar,Non-abusive,Individual
Hindi_image_1579.jpg,Negative,Sarcastic,Vulgar,Non-abusive,Individual
Hindi_image_1172.jpg,Neutral,Sarcastic,Non Vulgar,Non-abusive,Individual
Hindi_image_1513.jpg,Neutral,Non-Sarcastic,Non Vulgar,Non-abusive,Individual
Hindi_image_1740.jpg,Positive,Sarcastic,Vulgar,Non-abusive,Individual
Hindi_image_967.jpg,Negative,Sarcastic,Non Vulgar,Non-abusive,Individual
Hindi_image_1134.jpg,Negative,Non-Sarcastic,Non Vulgar,Non-abusive,Individual
Hindi_image_694.jpg,Positive,Sarcastic,Non Vulgar,Non-abusive,Individual
Hindi_image_1246.jpg,Positive,Sarcastic,Non Vulgar,Non-abusive,Individual
Hindi_image_1117.jpg,Neutral,Non-Sarcastic,Non Vulgar,Non-abusive,Individual
Hindi_image_693.jpg,Positive,Sarcastic,Non Vulgar,Non-abusive,Individual
Hindi_image_1302.jpg,Negative,Sarcastic,Vulgar,Non-abusive,Individual
Hindi_image_1388.jpg,Negative,Sarcastic,Non Vulgar,Non-abusive,Individual
Hindi_image_1415.jpg,Neutral,Non-Sarcastic,Non Vulgar,Non-abusive,Individual
Hindi_image_1060.jpg,Negative,Non-Sarcastic,Vulgar,Non-abusive,Individual
Hindi_image_1588.jpg,Positive,Sarcastic,Non Vulgar,Non-abusive,Individual
Hindi_image_1315.jpg,Neutral,Sarcastic,Non Vulgar,Non-abusive,Individual
Hindi_image_743.jpg,Positive,Sarcastic,Non Vulgar,Non-abusive,Individual
Hindi_image_628.jpg,Positive,Sarcastic,Vulgar,Non-abusive,Individual
Hindi_image_251.jpg,Neutral,Sarcastic,Non Vulgar,Non-abusive,Individual
Hindi_image_807.jpg,Neutral,Non-Sarcastic,Non Vulgar,Non-abusive,Individual
Hindi_image_634.jpg,Positive,Sarcastic,Non Vulgar,Non-abusive,Individual
Hindi_image_1355.jpg,Neutral,Non-Sarcastic,Non Vulgar,Non-abusive,Individual
Hindi_image_2122.jpg,Positive,Sarcastic,Vulgar,Non-abusive,Individual
Hindi_image_350.jpg,Positive,Sarcastic,Vulgar,Non-abusive,Individual
Hindi_image_929.jpg,Negative,Sarcastic,Vulgar,Non-abusive,Individual
Hindi_image_1443.jpg,Negative,Sarcastic,Vulgar,Non-abusive,Individual
Hindi_image_2310.jpg,Neutral,Sarcastic,Non Vulgar,Non-abusive,Individual
Hindi_image_773.jpg,Negative,Sarcastic,Vulgar,Non-abusive,Individual
Hindi_image_2333.jpg,Neutral,Sarcastic,Non Vulgar,Non-abusive,Individual
Hindi_image_1349.jpg,Negative,Non-Sarcastic,Non Vulgar,Non-abusive,Individual
Hindi_image_197.jpg,Neutral,Non-Sarcastic,Vulgar,Non-abusive,Individual
Hindi_image_961.jpg,Negative,Sarcastic,Non Vulgar,Non-abusive,Individual
Hindi_image_1593.jpg,Negative,Sarcastic,Vulgar,Non-abusive,Individual
Hindi_image_781.jpg,Negative,Non-Sarcastic,Non Vulgar,Non-abusive,Individual
Hindi_image_805.jpg,Negative,Sarcastic,Non Vulgar,Non-abusive,Individual
Hindi_image_1155.jpg,Negative,Sarcastic,Non Vulgar,Non-abusive,Individual
Hindi_image_282.jpg,Positive,Non-Sarcastic,Non Vulgar,Non-abusive,Individual
Hindi_image_1423.jpg,Negative,Non-Sarcastic,Vulgar,Non-abusive,Individual
Hindi_image_631.jpg,Positive,Sarcastic,Vulgar,Non-abusive,Individual
Hindi_image_1839.jpg,Neutral,Non-Sarcastic,Vulgar,Non-abusive,Individual
Hindi_image_1399.jpg,Positive,Non-Sarcastic,Non Vulgar,Non-abusive,Individual
Hindi_image_1130.jpg,Negative,Sarcastic,Non Vulgar,Non-abusive,Individual
Hindi_image_1610.jpg,Negative,Sarcastic,Non Vulgar,Non-abusive,Individual
Hindi_image_1483.jpg,Negative,Sarcastic,Non Vulgar,Non-abusive,Individual
Hindi_image_1686.jpg,Negative,Sarcastic,Vulgar,Non-abusive,Individual
Hindi_image_774.jpg,Negative,Sarcastic,Non Vulgar,Non-abusive,Individual
Hindi_image_945.jpg,Negative,Non-Sarcastic,Vulgar,Non-abusive,Individual
Hindi_image_1411.jpg,Neutral,Non-Sarcastic,Non Vulgar,Non-abusive,Individual
Hindi_image_1437.jpg,Neutral,Sarcastic,Non Vulgar,Non-abusive,Individual
Hindi_image_943.jpg,Neutral,Non-Sarcastic,Non Vulgar,Non-abusive,Individual
Hindi_image_1656.jpg,Negative,Sarcastic,Vulgar,Non-abusive,Individual
Hindi_image_1381.jpg,Negative,Non-Sarcastic,Non Vulgar,Non-abusive,Individual
Hindi_image_1338.jpg,Negative,Sarcastic,Non Vulgar,Non-abusive,Individual
Hindi_image_1464.jpg,Negative,Sarcastic,Non Vulgar,Non-abusive,Individual
Hindi_image_1129.jpg,Neutral,Sarcastic,Non Vulgar,Non-abusive,Individual
Hindi_image_436.jpg,Positive,Sarcastic,Non Vulgar,Non-abusive,Individual
Hindi_image_788.jpg,Positive,Sarcastic,Non Vulgar,Non-abusive,Individual
Hindi_image_1297.jpg,Neutral,Sarcastic,Non Vulgar,Non-abusive,Individual
Hindi_image_1360.jpg,Negative,Sarcastic,Vulgar,Non-abusive,Individual
Hindi_image_1950.jpg,Positive,Sarcastic,Non Vulgar,Non-abusive,Individual
Hindi_image_1320.jpg,Neutral,Non-Sarcastic,Non Vulgar,Non-abusive,Individual
Hindi_image_1311.jpg,Negative,Sarcastic,Non Vulgar,Non-abusive,Individual
Hindi_image_1089.jpg,Negative,Sarcastic,Vulgar,Non-abusive,Individual
Hindi_image_1462.jpg,Negative,Non-Sarcastic,Non Vulgar,Non-abusive,Individual
Hindi_image_2284.jpg,Positive,Non-Sarcastic,Non Vulgar,Non-abusive,Individual
Hindi_image_477.jpg,Positive,Sarcastic,Non Vulgar,Non-abusive,Individual
Hindi_image_1563.jpg,Negative,Sarcastic,Non Vulgar,Non-abusive,Individual
Hindi_image_1230.jpg,Neutral,Sarcastic,Non Vulgar,Non-abusive,National Origin
Hindi_image_1654.jpg,Positive,Sarcastic,Non Vulgar,Non-abusive,National Origin
Hindi_image_1728.jpg,Positive,Sarcastic,Vulgar,Non-abusive,National Origin
Hindi_image_1666.jpg,Positive,Sarcastic,Vulgar,Non-abusive,National Origin
Hindi_image_2138.jpg,Positive,Sarcastic,Non Vulgar,Non-abusive,National Origin
Hindi_image_2060.jpg,Positive,Sarcastic,Non Vulgar,Non-abusive,National Origin
Hindi_image_496.jpg,Neutral,Sarcastic,Vulgar,Non-abusive,National Origin
Hindi_image_494.jpg,Neutral,Sarcastic,Vulgar,Non-abusive,National Origin
Hindi_image_320.jpg,Positive,Sarcastic,Non Vulgar,Non-abusive,National Origin
Hindi_image_1574.jpg,Positive,Non-Sarcastic,Non Vulgar,Non-abusive,National Origin
Hindi_image_1422.jpg,Neutral,Sarcastic,Non Vulgar,Non-abusive,National Origin
Hindi_image_702.jpg,Positive,Sarcastic,Non Vulgar,Non-abusive,
Hindi_image_607.jpg,Neutral,Non-Sarcastic,Non Vulgar,Non-abusive,
Hindi_image_2145.jpg,Negative,Sarcastic,Non Vulgar,Non-abusive,
Hindi_image_938.jpg,Neutral,Non-Sarcastic,Non Vulgar,Non-abusive,
Hindi_image_2250.jpg,Negative,Sarcastic,Vulgar,Non-abusive,
Hindi_image_727.jpg,Positive,Sarcastic,Non Vulgar,Non-abusive,
Hindi_image_151.jpg,Neutral,Sarcastic,Vulgar,Non-abusive,
Hindi_image_445.jpg,Positive,Sarcastic,Non Vulgar,Non-abusive,
Hindi_image_678.jpg,Positive,Sarcastic,Non Vulgar,Non-abusive,
Hindi_image_457.jpg,Positive,Non-Sarcastic,Non Vulgar,Non-abusive,
Hindi_image_471.jpg,Positive,Sarcastic,Non Vulgar,Non-abusive,
Hindi_image_64.jpg,Positive,Sarcastic,Vulgar,Non-abusive,
Hindi_image_1729.jpg,Positive,Sarcastic,Non Vulgar,Non-abusive,
Hindi_image_2230.jpg,Neutral,Sarcastic,Non Vulgar,Non-abusive,
Hindi_image_342.jpg,Positive,Sarcastic,Non Vulgar,Non-abusive,
Hindi_image_618.jpg,Positive,Non-Sarcastic,Non Vulgar,Non-abusive,
Hindi_image_1735.jpg,Negative,Sarcastic,Non Vulgar,Non-abusive,
Hindi_image_1218.jpg,Negative,Non-Sarcastic,Vulgar,Non-abusive,
Hindi_image_73.jpg,Neutral,Non-Sarcastic,Vulgar,Non-abusive,
Hindi_image_1600.jpg,Negative,Non-Sarcastic,Vulgar,Non-abusive,
Hindi_image_650.jpg,Positive,Sarcastic,Non Vulgar,Non-abusive,
Hindi_image_2159.jpg,Negative,Sarcastic,Non Vulgar,Non-abusive,
Hindi_image_112.jpg,Positive,Sarcastic,Non Vulgar,Non-abusive,
Hindi_image_915.jpg,Neutral,Sarcastic,Non Vulgar,Non-abusive,
Hindi_image_1933.jpg,Positive,Sarcastic,Non Vulgar,Non-abusive,
Hindi_image_595.jpg,Positive,Non-Sarcastic,Non Vulgar,Non-abusive,
Hindi_image_591.jpg,Positive,Non-Sarcastic,Non Vulgar,Non-abusive,
Hindi_image_1665.jpg,Positive,Sarcastic,Non Vulgar,Non-abusive,
Hindi_image_304.jpg,Positive,Sarcastic,Non Vulgar,Non-abusive,
Hindi_image_2096.jpg,Negative,Sarcastic,Non Vulgar,Non-abusive,
Hindi_image_674.jpg,Positive,Sarcastic,Non Vulgar,Non-abusive,
Hindi_image_2156.jpg,Negative,Non-Sarcastic,Non Vulgar,Non-abusive,
Hindi_image_1044.jpg,Neutral,Non-Sarcastic,Non Vulgar,Non-abusive,
Hindi_image_142.jpg,Positive,Sarcastic,Non Vulgar,Non-abusive,
Hindi_image_1397.jpg,Neutral,Non-Sarcastic,Non Vulgar,Non-abusive,
Hindi_image_686.jpg,Positive,Non-Sarcastic,Non Vulgar,Non-abusive,
Hindi_image_479.jpg,Positive,Sarcastic,Non Vulgar,Non-abusive,
Hindi_image_1221.jpg,Neutral,Non-Sarcastic,Non Vulgar,Non-abusive,
Hindi_image_166.jpg,Positive,Sarcastic,Vulgar,Non-abusive,
Hindi_image_688.jpg,Neutral,Sarcastic,Vulgar,Non-abusive,
Hindi_image_183.jpg,Neutral,Non-Sarcastic,Non Vulgar,Non-abusive,
Hindi_image_501.jpg,Neutral,Non-Sarcastic,Non Vulgar,Non-abusive,
Hindi_image_150.jpg,Neutral,Non-Sarcastic,Non Vulgar,Non-abusive,
Hindi_image_683.jpg,Positive,Sarcastic,Non Vulgar,Non-abusive,
Hindi_image_43.jpg,Positive,Sarcastic,Vulgar,Non-abusive,
Hindi_image_2245.jpg,Positive,Sarcastic,Vulgar,Non-abusive,
Hindi_image_1986.jpg,Positive,Sarcastic,Vulgar,Non-abusive,
Hindi_image_215.jpg,Neutral,Sarcastic,Non Vulgar,Non-abusive,
Hindi_image_2252.jpg,Positive,Sarcastic,Non Vulgar,Non-abusive,
Hindi_image_2134.jpg,Neutral,Non-Sarcastic,Non Vulgar,Non-abusive,
Hindi_image_1687.jpg,Negative,Sarcastic,Non Vulgar,Non-abusive,
Hindi_image_1224.jpg,Neutral,Non-Sarcastic,Non Vulgar,Non-abusive,
Hindi_image_2265.jpg,Positive,Sarcastic,Vulgar,Non-abusive,
Hindi_image_589.jpg,Neutral,Non-Sarcastic,Non Vulgar,Non-abusive,
Hindi_image_2217.jpg,Negative,Sarcastic,Vulgar,Non-abusive,
Hindi_image_1955.jpg,Negative,Sarcastic,Non Vulgar,Non-abusive,
Hindi_image_522.jpg,Positive,Sarcastic,Vulgar,Non-abusive,
Hindi_image_2167.jpg,Negative,Sarcastic,Non Vulgar,Non-abusive,
Hindi_image_1572.jpg,Neutral,Non-Sarcastic,Non Vulgar,Non-abusive,
Hindi_image_689.jpg,Positive,Sarcastic,Non Vulgar,Non-abusive,
Hindi_image_413.jpg,Positive,Non-Sarcastic,Non Vulgar,Non-abusive,
Hindi_image_1408.jpg,Neutral,Non-Sarcastic,Non Vulgar,Non-abusive,
Hindi_image_635.jpg,Positive,Sarcastic,Non Vulgar,Non-abusive,
Hindi_image_438.jpg,Neutral,Sarcastic,Non Vulgar,Non-abusive,
Hindi_image_848.jpg,Positive,Non-Sarcastic,Non Vulgar,Non-abusive,
Hindi_image_685.jpg,Positive,Sarcastic,Non Vulgar,Non-abusive,
Hindi_image_200.jpg,Positive,Non-Sarcastic,Non Vulgar,Non-abusive,
Hindi_image_1404.jpg,Negative,Non-Sarcastic,Non Vulgar,Non-abusive,
Hindi_image_2234.jpg,Negative,Sarcastic,Non Vulgar,Non-abusive,
Hindi_image_1199.jpg,Neutral,Sarcastic,Non Vulgar,Non-abusive,
Hindi_image_588.jpg,Positive,Sarcastic,Vulgar,Non-abusive,
Hindi_image_2253.jpg,Positive,Sarcastic,Vulgar,Non-abusive,
Hindi_image_2141.jpg,Positive,Sarcastic,Non Vulgar,Non-abusive,
Hindi_image_567.jpg,Positive,Sarcastic,Non Vulgar,Non-abusive,
Hindi_image_731.jpg,Positive,Sarcastic,Vulgar,Non-abusive,
Hindi_image_704.jpg,Positive,Sarcastic,Non Vulgar,Non-abusive,
Hindi_image_392.jpg,Positive,Non-Sarcastic,Non Vulgar,Non-abusive,
Hindi_image_404.jpg,Positive,Non-Sarcastic,Non Vulgar,Non-abusive,
Hindi_image_620.jpg,Neutral,Non-Sarcastic,Non Vulgar,Non-abusive,
Hindi_image_1951.jpg,Positive,Non-Sarcastic,Non Vulgar,Non-abusive,
Hindi_image_173.jpg,Positive,Sarcastic,Non Vulgar,Non-abusive,
Hindi_image_1644.jpg,Positive,Sarcastic,Non Vulgar,Non-abusive,
Hindi_image_680.jpg,Positive,Sarcastic,Non Vulgar,Non-abusive,
Hindi_image_761.jpg,Positive,Sarcastic,Non Vulgar,Non-abusive,
Hindi_image_2280.jpg,Negative,Sarcastic,Vulgar,Non-abusive,
Hindi_image_478.jpg,Neutral,Non-Sarcastic,Non Vulgar,Non-abusive,
Hindi_image_459.jpg,Positive,Sarcastic,Non Vulgar,Non-abusive,
Hindi_image_719.jpg,Positive,Sarcastic,Non Vulgar,Non-abusive,
Hindi_image_1547.jpg,Positive,Sarcastic,Non Vulgar,Non-abusive,
Hindi_image_1211.jpg,Neutral,Non-Sarcastic,Non Vulgar,Non-abusive,
Hindi_image_2132.jpg,Negative,Sarcastic,Non Vulgar,Non-abusive,
Hindi_image_411.jpg,Positive,Non-Sarcastic,Non Vulgar,Non-abusive,
Hindi_image_2140.jpg,Positive,Non-Sarcastic,Non Vulgar,Non-abusive,
Hindi_image_287.jpg,Neutral,Non-Sarcastic,Non Vulgar,Non-abusive,
Hindi_image_928.jpg,Negative,Non-Sarcastic,Vulgar,Non-abusive,
Hindi_image_869.jpg,Negative,Non-Sarcastic,Non Vulgar,Non-abusive,
Hindi_image_1054.jpg,Neutral,Non-Sarcastic,Non Vulgar,Non-abusive,
Hindi_image_565.jpg,Neutral,Non-Sarcastic,Vulgar,Non-abusive,
Hindi_image_1041.jpg,Negative,Non-Sarcastic,Vulgar,Non-abusive,
Hindi_image_1455.jpg,Neutral,Non-Sarcastic,Non Vulgar,Non-abusive,
Hindi_image_466.jpg,Positive,Sarcastic,Non Vulgar,Non-abusive,
Hindi_image_389.jpg,Neutral,Non-Sarcastic,Non Vulgar,Non-abusive,
Hindi_image_629.jpg,Positive,Sarcastic,Vulgar,Non-abusive,
Hindi_image_474.jpg,Positive,Non-Sarcastic,Non Vulgar,Non-abusive,
Hindi_image_1536.jpg,Positive,Sarcastic,Non Vulgar,Non-abusive,
Hindi_image_662.jpg,Positive,Sarcastic,Non Vulgar,Non-abusive,
Hindi_image_322.jpg,Positive,Non-Sarcastic,Non Vulgar,Non-abusive,
Hindi_image_712.jpg,Positive,Sarcastic,Non Vulgar,Non-abusive,
Hindi_image_2168.jpg,Negative,Sarcastic,Non Vulgar,Non-abusive,
Hindi_image_698.jpg,Positive,Sarcastic,Non Vulgar,Non-abusive,
Hindi_image_273.jpg,Positive,Sarcastic,Non Vulgar,Non-abusive,
Hindi_image_1010.jpg,Positive,Non-Sarcastic,Non Vulgar,Non-abusive,
Hindi_image_1984.jpg,Positive,Sarcastic,Non Vulgar,Non-abusive,
Hindi_image_1057.jpg,Negative,Sarcastic,Non Vulgar,Non-abusive,
Hindi_image_171.jpg,Positive,Non-Sarcastic,Non Vulgar,Non-abusive,
Hindi_image_156.jpg,Positive,Non-Sarcastic,Vulgar,Non-abusive,
Hindi_image_454.jpg,Positive,Sarcastic,Non Vulgar,Non-abusive,
Hindi_image_1016.jpg,Neutral,Sarcastic,Non Vulgar,Non-abusive,
Hindi_image_313.jpg,Positive,Non-Sarcastic,Non Vulgar,Non-abusive,
Hindi_image_49.jpg,Positive,Sarcastic,Non Vulgar,Non-abusive,
Hindi_image_1581.jpg,Negative,Sarcastic,Vulgar,Non-abusive,
Hindi_image_2185.jpg,Negative,Sarcastic,Non Vulgar,Non-abusive,
Hindi_image_391.jpg,Positive,Sarcastic,Vulgar,Non-abusive,
Hindi_image_529.jpg,Neutral,Sarcastic,Non Vulgar,Non-abusive,
Hindi_image_424.jpg,Positive,Sarcastic,Non Vulgar,Non-abusive,
Hindi_image_1108.jpg,Positive,Sarcastic,Non Vulgar,Non-abusive,
Hindi_image_143.jpg,Neutral,Sarcastic,Non Vulgar,Non-abusive,
Hindi_image_2179.jpg,Negative,Sarcastic,Non Vulgar,Non-abusive,
Hindi_image_1062.jpg,Neutral,Sarcastic,Non Vulgar,Non-abusive,
Hindi_image_441.jpg,Positive,Non-Sarcastic,Non Vulgar,Non-abusive,
Hindi_image_469.jpg,Positive,Non-Sarcastic,Non Vulgar,Non-abusive,
Hindi_image_706.jpg,Positive,Sarcastic,Vulgar,Non-abusive,
Hindi_image_1584.jpg,Negative,Sarcastic,Vulgar,Non-abusive,
Hindi_image_612.jpg,Positive,Sarcastic,Vulgar,Non-abusive,
Hindi_image_860.jpg,Neutral,Sarcastic,Non Vulgar,Non-abusive,
Hindi_image_544.jpg,Positive,Sarcastic,Non Vulgar,Non-abusive,
Hindi_image_720.jpg,Positive,Sarcastic,Non Vulgar,Non-abusive,
Hindi_image_1099.jpg,Neutral,Non-Sarcastic,Non Vulgar,Non-abusive,
Hindi_image_2162.jpg,Positive,Sarcastic,Non Vulgar,Non-abusive,
Hindi_image_82.jpg,Neutral,Sarcastic,Vulgar,Non-abusive,
Hindi_image_185.jpg,Neutral,Sarcastic,Non Vulgar,Non-abusive,
Hindi_image_664.jpg,Positive,Sarcastic,Non Vulgar,Non-abusive,
Hindi_image_2221.jpg,Positive,Sarcastic,Non Vulgar,Non-abusive,
Hindi_image_2047.jpg,Neutral,Sarcastic,Vulgar,Non-abusive,
Hindi_image_2214.jpg,Negative,Sarcastic,Non Vulgar,Non-abusive,
Hindi_image_2184.jpg,Negative,Sarcastic,Non Vulgar,Non-abusive,
Hindi_image_586.jpg,Neutral,Non-Sarcastic,Non Vulgar,Non-abusive,
Hindi_image_553.jpg,Positive,Sarcastic,Non Vulgar,Non-abusive,
Hindi_image_62.jpg,Positive,Sarcastic,Non Vulgar,Non-abusive,
Hindi_image_193.jpg,Neutral,Non-Sarcastic,Non Vulgar,Non-abusive,
Hindi_image_152.jpg,Positive,Non-Sarcastic,Non Vulgar,Non-abusive,
Hindi_image_2078.jpg,Negative,Sarcastic,Vulgar,Non-abusive,
Hindi_image_862.jpg,Negative,Non-Sarcastic,Vulgar,Non-abusive,
Hindi_image_1363.jpg,Neutral,Non-Sarcastic,Non Vulgar,Non-abusive,
Hindi_image_722.jpg,Positive,Sarcastic,Non Vulgar,Non-abusive,
Hindi_image_636.jpg,Positive,Non-Sarcastic,Non Vulgar,Non-abusive,
Hindi_image_1112.jpg,Neutral,Non-Sarcastic,Non Vulgar,Non-abusive,
Hindi_image_914.jpg,Positive,Non-Sarcastic,Non Vulgar,Non-abusive,
Hindi_image_508.jpg,Positive,Sarcastic,Non Vulgar,Non-abusive,
Hindi_image_1385.jpg,Neutral,Sarcastic,Non Vulgar,Non-abusive,
Hindi_image_872.jpg,Negative,Non-Sarcastic,Non Vulgar,Non-abusive,
Hindi_image_1565.jpg,Positive,Sarcastic,Non Vulgar,Non-abusive,
Hindi_image_2215.jpg,Negative,Sarcastic,Non Vulgar,Non-abusive,
Hindi_image_878.jpg,Neutral,Non-Sarcastic,Non Vulgar,Non-abusive,
Hindi_image_1647.jpg,Positive,Sarcastic,Non Vulgar,Non-abusive,
Hindi_image_1052.jpg,Neutral,Sarcastic,Non Vulgar,Non-abusive,
Hindi_image_990.jpg,Neutral,Non-Sarcastic,Non Vulgar,Non-abusive,
Hindi_image_2219.jpg,Negative,Sarcastic,Non Vulgar,Non-abusive,
Hindi_image_611.jpg,Neutral,Non-Sarcastic,Non Vulgar,Non-abusive,
Hindi_image_1389.jpg,Positive,Non-Sarcastic,Non Vulgar,Non-abusive,
Hindi_image_1934.jpg,Positive,Non-Sarcastic,Non Vulgar,Non-abusive,
Hindi_image_2262.jpg,Negative,Sarcastic,Non Vulgar,Non-abusive,
Hindi_image_71.jpg,Neutral,Sarcastic,Vulgar,Non-abusive,
Hindi_image_2155.jpg,Positive,Sarcastic,Vulgar,Non-abusive,
Hindi_image_632.jpg,Positive,Sarcastic,Non Vulgar,Non-abusive,
Hindi_image_1540.jpg,Neutral,Sarcastic,Non Vulgar,Non-abusive,
Hindi_image_687.jpg,Positive,Non-Sarcastic,Non Vulgar,Non-abusive,
Hindi_image_861.jpg,Neutral,Sarcastic,Non Vulgar,Non-abusive,
Hindi_image_2136.jpg,Neutral,Sarcastic,Non Vulgar,Non-abusive,
Hindi_image_2160.jpg,Positive,Sarcastic,Vulgar,Non-abusive,
Hindi_image_435.jpg,Negative,Sarcastic,Non Vulgar,Non-abusive,
Hindi_image_608.jpg,Neutral,Sarcastic,Vulgar,Non-abusive,
Hindi_image_1210.jpg,Negative,Sarcastic,Vulgar,Non-abusive,
Hindi_image_72.jpg,Positive,Non-Sarcastic,Vulgar,Non-abusive,
Hindi_image_847.jpg,Positive,Non-Sarcastic,Non Vulgar,Non-abusive,
Hindi_image_56.jpg,Positive,Sarcastic,Vulgar,Non-abusive,
Hindi_image_58.jpg,Positive,Sarcastic,Vulgar,Non-abusive,
Hindi_image_1342.jpg,Neutral,Non-Sarcastic,Non Vulgar,Non-abusive,
Hindi_image_1542.jpg,Positive,Non-Sarcastic,Non Vulgar,Non-abusive,
Hindi_image_207.jpg,Neutral,Non-Sarcastic,Non Vulgar,Non-abusive,
Hindi_image_55.jpg,Neutral,Sarcastic,Vulgar,Non-abusive,
Hindi_image_54.jpg,Negative,Sarcastic,Vulgar,Non-abusive,
Hindi_image_703.jpg,Neutral,Sarcastic,Non Vulgar,Non-abusive,
Hindi_image_488.jpg,Positive,Sarcastic,Non Vulgar,Non-abusive,
Hindi_image_621.jpg,Positive,Sarcastic,Non Vulgar,Non-abusive,
Hindi_image_900.jpg,Neutral,Sarcastic,Non Vulgar,Non-abusive,
Hindi_image_137.jpg,Positive,Non-Sarcastic,Vulgar,Non-abusive,
Hindi_image_1103.jpg,Neutral,Non-Sarcastic,Vulgar,Non-abusive,
Hindi_image_134.jpg,Neutral,Non-Sarcastic,Vulgar,Non-abusive,
Hindi_image_707.jpg,Positive,Sarcastic,Non Vulgar,Non-abusive,
Hindi_image_493.jpg,Positive,Non-Sarcastic,Non Vulgar,Non-abusive,
Hindi_image_1337.jpg,Neutral,Sarcastic,Non Vulgar,Non-abusive,Others
Hindi_image_969.jpg,Negative,Sarcastic,Non Vulgar,Non-abusive,Others
Hindi_image_741.jpg,Positive,Sarcastic,Vulgar,Non-abusive,Others
Hindi_image_1544.jpg,Neutral,Sarcastic,Non Vulgar,Non-abusive,Others
Hindi_image_1284.jpg,Neutral,Sarcastic,Non Vulgar,Non-abusive,Others
Hindi_image_433.jpg,Negative,Non-Sarcastic,Non Vulgar,Non-abusive,Others
Hindi_image_1174.jpg,Neutral,Sarcastic,Non Vulgar,Non-abusive,Others
Hindi_image_365.jpg,Positive,Sarcastic,Non Vulgar,Non-abusive,Others
Hindi_image_1322.jpg,Neutral,Non-Sarcastic,Non Vulgar,Non-abusive,Others
Hindi_image_1427.jpg,Neutral,Sarcastic,Non Vulgar,Non-abusive,Others
Hindi_image_1906.jpg,Positive,Sarcastic,Vulgar,Non-abusive,Others
Hindi_image_22.jpg,Neutral,Sarcastic,Vulgar,Non-abusive,Others
Hindi_image_96.jpg,Neutral,Sarcastic,Vulgar,Non-abusive,Others
Hindi_image_2002.jpg,Negative,Sarcastic,Non Vulgar,Non-abusive,Others
Hindi_image_233.jpg,Positive,Non-Sarcastic,Non Vulgar,Non-abusive,Others
Hindi_image_808.jpg,Neutral,Non-Sarcastic,Non Vulgar,Non-abusive,Others
Hindi_image_734.jpg,Positive,Sarcastic,Non Vulgar,Non-abusive,Others
Hindi_image_1203.jpg,Negative,Sarcastic,Non Vulgar,Non-abusive,Others
Hindi_image_1442.jpg,Neutral,Sarcastic,Non Vulgar,Non-abusive,Others
Hindi_image_1346.jpg,Negative,Sarcastic,Vulgar,Non-abusive,Others
Hindi_image_380.jpg,Positive,Non-Sarcastic,Non Vulgar,Non-abusive,Others
Hindi_image_1700.jpg,Positive,Sarcastic,Non Vulgar,Non-abusive,Others
Hindi_image_397.jpg,Positive,Sarcastic,Non Vulgar,Non-abusive,Others
Hindi_image_1447.jpg,Negative,Sarcastic,Non Vulgar,Non-abusive,Others
Hindi_image_337.jpg,Positive,Sarcastic,Non Vulgar,Non-abusive,Others
Hindi_image_383.jpg,Positive,Non-Sarcastic,Non Vulgar,Non-abusive,Others
Hindi_image_1197.jpg,Neutral,Non-Sarcastic,Non Vulgar,Non-abusive,Others
Hindi_image_1658.jpg,Positive,Sarcastic,Non Vulgar,Non-abusive,Others
Hindi_image_1256.jpg,Neutral,Sarcastic,Non Vulgar,Non-abusive,Others
Hindi_image_1378.jpg,Negative,Sarcastic,Vulgar,Non-abusive,Others
Hindi_image_643.jpg,Negative,Sarcastic,Vulgar,Non-abusive,Others
Hindi_image_1429.jpg,Neutral,Non-Sarcastic,Non Vulgar,Non-abusive,Others
Hindi_image_1594.jpg,Neutral,Sarcastic,Vulgar,Non-abusive,Others
Hindi_image_810.jpg,Neutral,Non-Sarcastic,Non Vulgar,Non-abusive,Others
Hindi_image_857.jpg,Negative,Sarcastic,Non Vulgar,Non-abusive,Others
Hindi_image_1471.jpg,Negative,Sarcastic,Non Vulgar,Non-abusive,Others
Hindi_image_799.jpg,Negative,Non-Sarcastic,Non Vulgar,Non-abusive,Others
Hindi_image_1438.jpg,Neutral,Sarcastic,Non Vulgar,Non-abusive,Others
Hindi_image_1032.jpg,Negative,Sarcastic,Non Vulgar,Non-abusive,Others
Hindi_image_717.jpg,Positive,Sarcastic,Non Vulgar,Non-abusive,Others
Hindi_image_2107.jpg,Negative,Sarcastic,Vulgar,Non-abusive,Others
Hindi_image_1179.jpg,Negative,Sarcastic,Non Vulgar,Non-abusive,Others
Hindi_image_1573.jpg,Neutral,Sarcastic,Non Vulgar,Non-abusive,Others
Hindi_image_110.jpg,Positive,Sarcastic,Non Vulgar,Non-abusive,Others
Hindi_image_279.jpg,Positive,Non-Sarcastic,Non Vulgar,Non-abusive,Others
Hindi_image_148.jpg,Neutral,Sarcastic,Vulgar,Non-abusive,Others
Hindi_image_684.jpg,Positive,Sarcastic,Non Vulgar,Non-abusive,Others
Hindi_image_2071.jpg,Positive,Sarcastic,Non Vulgar,Non-abusive,Others
Hindi_image_1394.jpg,Neutral,Sarcastic,Non Vulgar,Non-abusive,Others
Hindi_image_2139.jpg,Positive,Non-Sarcastic,Non Vulgar,Non-abusive,Others
Hindi_image_358.jpg,Positive,Non-Sarcastic,Non Vulgar,Non-abusive,Others
Hindi_image_1521.jpg,Negative,Sarcastic,Vulgar,Non-abusive,Others
Hindi_image_159.jpg,Positive,Sarcastic,Vulgar,Non-abusive,Others
Hindi_image_824.jpg,Negative,Non-Sarcastic,Vulgar,Non-abusive,Others
Hindi_image_315.jpg,Neutral,Sarcastic,Non Vulgar,Non-abusive,Others
Hindi_image_909.jpg,Negative,Sarcastic,Non Vulgar,Non-abusive,Others
Hindi_image_375.jpg,Positive,Sarcastic,Non Vulgar,Non-abusive,Others
Hindi_image_1819.jpg,Negative,Non-Sarcastic,Non Vulgar,Non-abusive,Others
Hindi_image_1937.jpg,Positive,Sarcastic,Non Vulgar,Non-abusive,Others
Hindi_image_2073.jpg,Negative,Sarcastic,Non Vulgar,Non-abusive,Others
Hindi_image_759.jpg,Positive,Sarcastic,Vulgar,Non-abusive,Others
Hindi_image_354.jpg,Positive,Non-Sarcastic,Vulgar,Non-abusive,Others
Hindi_image_286.jpg,Positive,Sarcastic,Non Vulgar,Non-abusive,Others
Hindi_image_335.jpg,Positive,Sarcastic,Non Vulgar,Non-abusive,Others
Hindi_image_602.jpg,Positive,Sarcastic,Non Vulgar,Non-abusive,Others
Hindi_image_302.jpg,Neutral,Non-Sarcastic,Non Vulgar,Non-abusive,Others
Hindi_image_1476.jpg,Negative,Sarcastic,Non Vulgar,Non-abusive,Others
Hindi_image_267.jpg,Positive,Non-Sarcastic,Vulgar,Non-abusive,Others
Hindi_image_893.jpg,Neutral,Non-Sarcastic,Non Vulgar,Non-abusive,Others
Hindi_image_124.jpg,Positive,Sarcastic,Non Vulgar,Non-abusive,Others
Hindi_image_798.jpg,Negative,Non-Sarcastic,Non Vulgar,Non-abusive,Others
Hindi_image_1475.jpg,Neutral,Non-Sarcastic,Non Vulgar,Non-abusive,Others
Hindi_image_700.jpg,Positive,Sarcastic,Vulgar,Non-abusive,Others
Hindi_image_533.jpg,Positive,Non-Sarcastic,Non Vulgar,Non-abusive,Others
Hindi_image_324.jpg,Positive,Sarcastic,Non Vulgar,Non-abusive,Others
Hindi_image_51.jpg,Positive,Non-Sarcastic,Vulgar,Non-abusive,Others
Hindi_image_444.jpg,Neutral,Sarcastic,Vulgar,Non-abusive,Others
Hindi_image_1115.jpg,Neutral,Sarcastic,Non Vulgar,Non-abusive,Others
Hindi_image_1479.jpg,Negative,Sarcastic,Non Vulgar,Non-abusive,Others
Hindi_image_1624.jpg,Positive,Sarcastic,Non Vulgar,Non-abusive,Others
Hindi_image_1966.jpg,Negative,Sarcastic,Non Vulgar,Non-abusive,Others
Hindi_image_2000.jpg,Negative,Sarcastic,Vulgar,Non-abusive,Others
Hindi_image_48.jpg,Negative,Sarcastic,Vulgar,Non-abusive,Others
Hindi_image_344.jpg,Positive,Sarcastic,Vulgar,Non-abusive,Others
Hindi_image_936.jpg,Negative,Sarcastic,Non Vulgar,Non-abusive,Others
Hindi_image_281.jpg,Neutral,Sarcastic,Vulgar,Non-abusive,Others
Hindi_image_422.jpg,Positive,Sarcastic,Non Vulgar,Non-abusive,Others
Hindi_image_2142.jpg,Positive,Sarcastic,Non Vulgar,Non-abusive,Others
Hindi_image_388.jpg,Neutral,Non-Sarcastic,Non Vulgar,Non-abusive,Others
Hindi_image_1577.jpg,Negative,Non-Sarcastic,Non Vulgar,Non-abusive,Others
Hindi_image_448.jpg,Positive,Sarcastic,Non Vulgar,Non-abusive,Others
Hindi_image_1257.jpg,Positive,Sarcastic,Non Vulgar,Non-abusive,Others
Hindi_image_829.jpg,Negative,Non-Sarcastic,Non Vulgar,Non-abusive,Others
Hindi_image_1718.jpg,Positive,Non-Sarcastic,Non Vulgar,Non-abusive,Others
Hindi_image_408.jpg,Positive,Sarcastic,Non Vulgar,Non-abusive,Others
Hindi_image_729.jpg,Positive,Sarcastic,Vulgar,Non-abusive,Others
Hindi_image_1891.jpg,Positive,Non-Sarcastic,Non Vulgar,Non-abusive,Others
Hindi_image_836.jpg,Negative,Non-Sarcastic,Vulgar,Non-abusive,Others
Hindi_image_814.jpg,Negative,Non-Sarcastic,Non Vulgar,Non-abusive,Others
Hindi_image_974.jpg,Negative,Non-Sarcastic,Non Vulgar,Non-abusive,Others
Hindi_image_1832.jpg,Positive,Sarcastic,Non Vulgar,Non-abusive,Others
Hindi_image_1375.jpg,Neutral,Non-Sarcastic,Non Vulgar,Non-abusive,Others
Hindi_image_812.jpg,Positive,Sarcastic,Non Vulgar,Non-abusive,Others
Hindi_image_579.jpg,Neutral,Non-Sarcastic,Vulgar,Non-abusive,Others
Hindi_image_1657.jpg,Positive,Sarcastic,Non Vulgar,Non-abusive,Others
Hindi_image_926.jpg,Negative,Sarcastic,Vulgar,Non-abusive,Others
Hindi_image_355.jpg,Positive,Sarcastic,Non Vulgar,Non-abusive,Others
Hindi_image_1021.jpg,Neutral,Non-Sarcastic,Non Vulgar,Non-abusive,Others
Hindi_image_1446.jpg,Negative,Sarcastic,Non Vulgar,Non-abusive,Political
Hindi_image_790.jpg,Negative,Sarcastic,Non Vulgar,Non-abusive,Political
Hindi_image_1756.jpg,Neutral,Sarcastic,Non Vulgar,Non-abusive,Political
Hindi_image_1371.jpg,Negative,Non-Sarcastic,Vulgar,Non-abusive,Political
Hindi_image_93.jpg,Positive,Non-Sarcastic,Non Vulgar,Non-abusive,Political
Hindi_image_90.jpg,Positive,Sarcastic,Vulgar,Non-abusive,Political
Hindi_image_2272.jpg,Neutral,Sarcastic,Non Vulgar,Non-abusive,Political
Hindi_image_190.jpg,Neutral,Non-Sarcastic,Non Vulgar,Non-abusive,Political
Hindi_image_2277.jpg,Negative,Sarcastic,Non Vulgar,Non-abusive,Political
Hindi_image_452.jpg,Neutral,Sarcastic,Vulgar,Non-abusive,Political
Hindi_image_1508.jpg,Negative,Non-Sarcastic,Non Vulgar,Non-abusive,Political
Hindi_image_187.jpg,Positive,Sarcastic,Non Vulgar,Non-abusive,Political
Hindi_image_2206.jpg,Negative,Sarcastic,Non Vulgar,Non-abusive,Political
Hindi_image_1345.jpg,Neutral,Sarcastic,Non Vulgar,Non-abusive,Political
Hindi_image_724.jpg,Positive,Sarcastic,Non Vulgar,Non-abusive,Political
Hindi_image_1619.jpg,Negative,Sarcastic,Vulgar,Non-abusive,Political
Hindi_image_1226.jpg,Neutral,Sarcastic,Non Vulgar,Non-abusive,Political
Hindi_image_115.jpg,Positive,Sarcastic,Non Vulgar,Non-abusive,Political
Hindi_image_1011.jpg,Negative,Sarcastic,Non Vulgar,Non-abusive,Political
Hindi_image_927.jpg,Negative,Sarcastic,Non Vulgar,Non-abusive,Political
Hindi_image_1235.jpg,Neutral,Sarcastic,Non Vulgar,Non-abusive,Political
Hindi_image_2025.jpg,Positive,Sarcastic,Non Vulgar,Non-abusive,Political
Hindi_image_403.jpg,Neutral,Sarcastic,Non Vulgar,Non-abusive,Political
Hindi_image_916.jpg,Negative,Sarcastic,Non Vulgar,Non-abusive,Political
Hindi_image_1069.jpg,Negative,Sarcastic,Non Vulgar,Non-abusive,Political
Hindi_image_1504.jpg,Neutral,Sarcastic,Non Vulgar,Non-abusive,Political
Hindi_image_2278.jpg,Positive,Sarcastic,Non Vulgar,Non-abusive,Political
Hindi_image_584.jpg,Positive,Sarcastic,Non Vulgar,Non-abusive,Religion
Hindi_image_1435.jpg,Negative,Sarcastic,Non Vulgar,Non-abusive,Religion
Hindi_image_364.jpg,Positive,Sarcastic,Non Vulgar,Non-abusive,Religion
Hindi_image_1559.jpg,Neutral,Non-Sarcastic,Non Vulgar,Non-abusive,Religion
Hindi_image_1229.jpg,Neutral,Sarcastic,Non Vulgar,Non-abusive,Religion
Hindi_image_823.jpg,Neutral,Non-Sarcastic,Non Vulgar,Non-abusive,Social Sub-groups
Hindi_image_1079.jpg,Negative,Sarcastic,Non Vulgar,Non-abusive,Social Sub-groups
Hindi_image_597.jpg,Neutral,Sarcastic,Vulgar,Non-abusive,Social Sub-groups
Hindi_image_1506.jpg,Neutral,Sarcastic,Non Vulgar,Non-abusive,Social Sub-groups
Hindi_image_1926.jpg,Positive,Sarcastic,Vulgar,Non-abusive,Social Sub-groups
Hindi_image_1731.jpg,Negative,Non-Sarcastic,Non Vulgar,Non-abusive,Social Sub-groups
Hindi_image_254.jpg,Positive,Sarcastic,Non Vulgar,Non-abusive,Social Sub-groups
Hindi_image_1900.jpg,Neutral,Sarcastic,Non Vulgar,Non-abusive,Social Sub-groups
Hindi_image_395.jpg,Positive,Sarcastic,Non Vulgar,Non-abusive,Social Sub-groups
Hindi_image_1528.jpg,Positive,Sarcastic,Non Vulgar,Non-abusive,Social Sub-groups
Hindi_image_561.jpg,Positive,Sarcastic,Non Vulgar,Non-abusive,Social Sub-groups
Hindi_image_1858.jpg,Positive,Sarcastic,Non Vulgar,Non-abusive,Social Sub-groups
Hindi_image_828.jpg,Neutral,Non-Sarcastic,Non Vulgar,Non-abusive,Social Sub-groups
Hindi_image_826.jpg,Positive,Non-Sarcastic,Non Vulgar,Non-abusive,Social Sub-groups
Hindi_image_1157.jpg,Negative,Sarcastic,Vulgar,Non-abusive,Social Sub-groups
Hindi_image_912.jpg,Negative,Sarcastic,Vulgar,Non-abusive,Social Sub-groups
Hindi_image_2027.jpg,Negative,Sarcastic,Non Vulgar,Non-abusive,Social Sub-groups
Hindi_image_1887.jpg,Negative,Sarcastic,Non Vulgar,Non-abusive,Social Sub-groups
Hindi_image_1940.jpg,Negative,Sarcastic,Non Vulgar,Non-abusive,Social Sub-groups
Hindi_image_673.jpg,Positive,Sarcastic,Non Vulgar,Non-abusive,Social Sub-groups
Hindi_image_1903.jpg,Positive,Sarcastic,Vulgar,Non-abusive,Social Sub-groups
Hindi_image_510.jpg,Neutral,Sarcastic,Non Vulgar,Non-abusive,Social Sub-groups
Hindi_image_1460.jpg,Negative,Sarcastic,Non Vulgar,Non-abusive,Social Sub-groups
Hindi_image_2209.jpg,Positive,Sarcastic,Non Vulgar,Non-abusive,Social Sub-groups
Hindi_image_2227.jpg,Positive,Sarcastic,Non Vulgar,Non-abusive,Social Sub-groups
Hindi_image_816.jpg,Negative,Sarcastic,Non Vulgar,Non-abusive,Social Sub-groups
Hindi_image_1724.jpg,Positive,Sarcastic,Non Vulgar,Non-abusive,Social Sub-groups
Hindi_image_1560.jpg,Negative,Sarcastic,Non Vulgar,Non-abusive,Social Sub-groups
Hindi_image_505.jpg,Positive,Non-Sarcastic,Non Vulgar,Non-abusive,Social Sub-groups
Hindi_image_307.jpg,Positive,Non-Sarcastic,Non Vulgar,Non-abusive,Social Sub-groups
Hindi_image_1859.jpg,Positive,Sarcastic,Vulgar,Non-abusive,Social Sub-groups
Hindi_image_1152.jpg,Negative,Sarcastic,Vulgar,Non-abusive,Social Sub-groups
Hindi_image_2225.jpg,Positive,Sarcastic,Non Vulgar,Non-abusive,Social Sub-groups
Hindi_image_527.jpg,Positive,Sarcastic,Non Vulgar,Non-abusive,Social Sub-groups
Hindi_image_1867.jpg,Positive,Sarcastic,Non Vulgar,Non-abusive,Social Sub-groups
Hindi_image_1571.jpg,Negative,Sarcastic,Vulgar,Non-abusive,Social Sub-groups
Hindi_image_1759.jpg,Neutral,Sarcastic,Vulgar,Non-abusive,Social Sub-groups
Hindi_image_1710.jpg,Negative,Sarcastic,Vulgar,Non-abusive,Social Sub-groups
Hindi_image_217.jpg,Negative,Sarcastic,Non Vulgar,Non-abusive,Social Sub-groups
Hindi_image_1612.jpg,Positive,Sarcastic,Non Vulgar,Non-abusive,Social Sub-groups
Hindi_image_1164.jpg,Negative,Sarcastic,Non Vulgar,Non-abusive,Social Sub-groups
Hindi_image_1726.jpg,Neutral,Sarcastic,Non Vulgar,Non-abusive,Social Sub-groups
Hindi_image_376.jpg,Positive,Sarcastic,Non Vulgar,Non-abusive,Social Sub-groups
Hindi_image_1694.jpg,Negative,Sarcastic,Non Vulgar,Non-abusive,Social Sub-groups
Hindi_image_1682.jpg,Negative,Non-Sarcastic,Non Vulgar,Non-abusive,Social Sub-groups
Hindi_image_2210.jpg,Negative,Sarcastic,Non Vulgar,Non-abusive,Social Sub-groups
Hindi_image_2049.jpg,Negative,Sarcastic,Vulgar,Non-abusive,Social Sub-groups
Hindi_image_1539.jpg,Neutral,Sarcastic,Non Vulgar,Non-abusive,Social Sub-groups
Hindi_image_1873.jpg,Negative,Sarcastic,Vulgar,Non-abusive,Social Sub-groups
Hindi_image_277.jpg,Neutral,Sarcastic,Non Vulgar,Non-abusive,Social Sub-groups
Hindi_image_1671.jpg,Positive,Non-Sarcastic,Non Vulgar,Non-abusive,Social Sub-groups
Hindi_image_925.jpg,Negative,Sarcastic,Vulgar,Non-abusive,Social Sub-groups
Hindi_image_2149.jpg,Positive,Sarcastic,Non Vulgar,Non-abusive,Social Sub-groups
Hindi_image_1708.jpg,Negative,Sarcastic,Non Vulgar,Non-abusive,Social Sub-groups
Hindi_image_47.jpg,Negative,Sarcastic,Vulgar,Non-abusive,Social Sub-groups
Hindi_image_885.jpg,Negative,Sarcastic,Non Vulgar,Non-abusive,Social Sub-groups
Hindi_image_940.jpg,Neutral,Sarcastic,Non Vulgar,Non-abusive,Social Sub-groups
Hindi_image_852.jpg,Negative,Non-Sarcastic,Non Vulgar,Non-abusive,Social Sub-groups
Hindi_image_1679.jpg,Neutral,Sarcastic,Vulgar,Non-abusive,Social Sub-groups
Hindi_image_1725.jpg,Positive,Sarcastic,Non Vulgar,Non-abusive,Social Sub-groups
Hindi_image_1324.jpg,Neutral,Sarcastic,Non Vulgar,Non-abusive,Social Sub-groups
Hindi_image_2143.jpg,Positive,Non-Sarcastic,Non Vulgar,Non-abusive,Social Sub-groups
Hindi_image_1674.jpg,Negative,Sarcastic,Non Vulgar,Non-abusive,Social Sub-groups
Hindi_image_1546.jpg,Positive,Sarcastic,Vulgar,Non-abusive,Social Sub-groups
Hindi_image_1678.jpg,Positive,Sarcastic,Non Vulgar,Non-abusive,Social Sub-groups
Hindi_image_1878.jpg,Positive,Sarcastic,Non Vulgar,Non-abusive,Social Sub-groups
Hindi_image_1732.jpg,Positive,Non-Sarcastic,Non Vulgar,Non-abusive,Social Sub-groups
Hindi_image_1695.jpg,Negative,Sarcastic,Non Vulgar,Non-abusive,Social Sub-groups
Hindi_image_246.jpg,Negative,Sarcastic,Vulgar,Non-abusive,Social Sub-groups
Hindi_image_2097.jpg,Negative,Non-Sarcastic,Vulgar,Non-abusive,Social Sub-groups
Hindi_image_1604.jpg,Negative,Sarcastic,Non Vulgar,Non-abusive,Social Sub-groups
Hindi_image_625.jpg,Neutral,Sarcastic,Non Vulgar,Non-abusive,Social Sub-groups
Hindi_image_328.jpg,Neutral,Sarcastic,Non Vulgar,Non-abusive,Social Sub-groups
Hindi_image_1763.jpg,Neutral,Sarcastic,Vulgar,Non-abusive,Social Sub-groups
Hindi_image_1680.jpg,Negative,Sarcastic,Vulgar,Non-abusive,Social Sub-groups
Hindi_image_863.jpg,Negative,Non-Sarcastic,Non Vulgar,Non-abusive,Social Sub-groups
Hindi_image_1834.jpg,Neutral,Non-Sarcastic,Vulgar,Non-abusive,Social Sub-groups
Hindi_image_528.jpg,Positive,Sarcastic,Non Vulgar,Non-abusive,Social Sub-groups
